numInputs_cv,ventana_cv,numOutputs,numJumps,order,seasonal_order,trend,usar_log,MAE_val_h10_mean,MAE_val_h10_std,MSE_val_h10_mean,MSE_val_h10_std,converged_folds,folds_ok,folds_fail,BDS_pvalue_mean,BDS_pvalue_min,BDS_folds_pass,BDS_all_folds_pass,BDS_any_fold_pass,BDS_n_residuos,BDS_nota
30,30 días,10,1,"(1, 0, 0)","(0, 0, 0, 0)",n,False,22.00954449439735,16.179519493584316,972.2799548592969,1462.7456269039576,4,5,0,1.5279379969593854e-25,1.5279379969593854e-25,0,False,False,50,BDS calculado sobre residuos agregados de todos los folds de validación
30,30 días,10,1,"(1, 0, 0)","(0, 0, 0, 0)",c,False,40.42963120909579,3.5022347896056076,1897.1739039291067,308.2179726912822,3,5,0,1.2988508460496913e-08,1.2988508460496913e-08,0,False,False,50,BDS calculado sobre residuos agregados de todos los folds de validación
30,30 días,10,1,"(1, 0, 0)","(0, 0, 0, 0)",t,False,33.45847809957162,37.94206447952344,3403.827568869343,6276.758046285534,5,5,0,1.6591727623315327e-24,1.6591727623315327e-24,0,False,False,50,BDS calculado sobre residuos agregados de todos los folds de validación
30,30 días,10,1,"(2, 0, 0)","(0, 0, 0, 0)",n,False,26.16376765821509,26.211768764530472,1588.8832767560662,2765.557984134348,5,5,0,2.3353844873805005e-12,2.3353844873805005e-12,0,False,False,50,BDS calculado sobre residuos agregados de todos los folds de validación
30,30 días,10,1,"(2, 0, 0)","(0, 0, 0, 0)",c,False,41.78260662452497,19.039270606717583,2483.88693719931,2492.653174694654,4,5,0,3.6327045316088177e-09,3.6327045316088177e-09,0,False,False,50,BDS calculado sobre residuos agregados de todos los folds de validación
30,30 días,10,1,"(2, 0, 0)","(0, 0, 0, 0)",t,False,30.946816434942054,23.29230756667141,2217.670974199439,3516.0992039653624,5,5,0,0.0649989307912974,0.0649989307912974,1,True,True,50,BDS calculado sobre residuos agregados de todos los folds de validación
30,30 días,10,1,"(1, 1, 0)","(0, 0, 0, 0)",n,False,30.355996848697128,17.09528923233312,1531.3370115036062,1903.073843418105,5,5,0,2.5550937083205788e-08,2.5550937083205788e-08,0,False,False,50,BDS calculado sobre residuos agregados de todos los folds de validación
30,30 días,10,1,"(1, 1, 0)","(0, 0, 0, 0)",c,False,26.072313028377586,26.722814488240072,1611.1570342070522,2831.839507158127,5,5,0,1.5431638902478735e-12,1.5431638902478735e-12,0,False,False,50,BDS calculado sobre residuos agregados de todos los folds de validación
30,30 días,10,1,"(1, 1, 0)","(0, 0, 0, 0)",t,False,22.55922217955221,22.76449547717914,1238.022654287262,2175.4805185249684,5,5,0,1.5725098441759404e-08,1.5725098441759404e-08,0,False,False,50,BDS calculado sobre residuos agregados de todos los folds de validación
30,30 días,10,1,"(0, 1, 1)","(0, 0, 0, 0)",n,False,25.847327682401403,6.312069101576874,796.0832600769692,352.67010740649755,5,5,0,2.9350279091024097e-09,2.9350279091024097e-09,0,False,False,50,BDS calculado sobre residuos agregados de todos los folds de validación
30,30 días,10,1,"(0, 1, 1)","(0, 0, 0, 0)",c,False,15.756202165722708,6.034890725448624,344.7456315944905,299.3056228593606,5,5,0,7.179546630751617e-08,7.179546630751617e-08,0,False,False,50,BDS calculado sobre residuos agregados de todos los folds de validación
30,30 días,10,1,"(0, 1, 1)","(0, 0, 0, 0)",t,False,16.959418644250196,10.746740662315878,428.50201562425843,536.822306976355,5,5,0,8.494552602823858e-23,8.494552602823858e-23,0,False,False,50,BDS calculado sobre residuos agregados de todos los folds de validación
30,30 días,10,1,"(1, 1, 1)","(0, 0, 0, 0)",n,False,54.68267578934963,65.62216314293048,9643.750854434973,18123.517099168243,5,5,0,4.991445390832695e-12,4.991445390832695e-12,0,False,False,50,BDS calculado sobre residuos agregados de todos los folds de validación
30,30 días,10,1,"(1, 1, 1)","(0, 0, 0, 0)",c,False,47.866491361739705,71.0536332337624,9604.040953956403,18841.284774698415,5,5,0,7.20075542557583e-12,7.20075542557583e-12,0,False,False,50,BDS calculado sobre residuos agregados de todos los folds de validación
30,30 días,10,1,"(1, 1, 1)","(0, 0, 0, 0)",t,False,50.68080600798711,78.97591393497632,11898.673344298053,23496.901767770334,5,5,0,1.663119602451438e-14,1.663119602451438e-14,0,False,False,50,BDS calculado sobre residuos agregados de todos los folds de validación
30,30 días,10,1,"(2, 1, 1)","(0, 0, 0, 0)",n,False,34.78963207659472,25.57025447551444,2352.3649964476813,3529.089666205363,5,5,0,6.963589034782386e-08,6.963589034782386e-08,0,False,False,50,BDS calculado sobre residuos agregados de todos los folds de validación
30,30 días,10,1,"(2, 1, 1)","(0, 0, 0, 0)",c,False,26.558419253895114,27.660825698875733,2378.9263899947746,4366.30279395479,5,5,0,0.06031858471849819,0.06031858471849819,1,True,True,50,BDS calculado sobre residuos agregados de todos los folds de validación
30,30 días,10,1,"(2, 1, 1)","(0, 0, 0, 0)",t,False,32.288580435026276,42.163421310538695,4122.1476340008,7942.710252096032,5,5,0,0.022825355742708803,0.022825355742708803,0,False,False,50,BDS calculado sobre residuos agregados de todos los folds de validación
60,60 días,10,1,"(1, 0, 0)","(0, 0, 0, 0)",n,False,5.556041407396233,3.7522993538232043,60.57450886636833,81.2397668786601,4,5,0,3.829806073128283e-31,3.829806073128283e-31,0,False,False,50,BDS calculado sobre residuos agregados de todos los folds de validación
60,60 días,10,1,"(1, 0, 0)","(0, 0, 0, 0)",c,False,16.07180260490822,11.493706531414327,466.23409431357805,663.4176031786687,4,5,0,7.409626583203565e-29,7.409626583203565e-29,0,False,False,50,BDS calculado sobre residuos agregados de todos los folds de validación
60,60 días,10,1,"(1, 0, 0)","(0, 0, 0, 0)",t,False,8.633852120696504,2.972181925605667,111.8604768811844,79.80641110867109,5,5,0,9.704973738815396e-35,9.704973738815396e-35,0,False,False,50,BDS calculado sobre residuos agregados de todos los folds de validación
60,60 días,10,1,"(2, 0, 0)","(0, 0, 0, 0)",n,False,5.794133490841426,2.9453772709323256,56.51709802677593,58.03258885337758,5,5,0,2.0588566727798307e-32,2.0588566727798307e-32,0,False,False,50,BDS calculado sobre residuos agregados de todos los folds de validación
60,60 días,10,1,"(2, 0, 0)","(0, 0, 0, 0)",c,False,7.223016500375441,11.269457760598888,222.270146743269,433.8081201195469,5,5,0,2.40430621186936e-26,2.40430621186936e-26,0,False,False,50,BDS calculado sobre residuos agregados de todos los folds de validación
60,60 días,10,1,"(2, 0, 0)","(0, 0, 0, 0)",t,False,8.230833512841258,5.109214136928018,125.0490458385785,157.77237030737214,5,5,0,1.1263427780792218e-30,1.1263427780792218e-30,0,False,False,50,BDS calculado sobre residuos agregados de todos los folds de validación
60,60 días,10,1,"(1, 1, 0)","(0, 0, 0, 0)",n,False,12.557263534740343,3.8611167657029823,213.99661929261552,152.64680829202865,5,5,0,4.8754803088785815e-29,4.8754803088785815e-29,0,False,False,50,BDS calculado sobre residuos agregados de todos los folds de validación
60,60 días,10,1,"(1, 1, 0)","(0, 0, 0, 0)",c,False,4.162363210107671,3.3873554992908588,38.73714055032925,60.15500945838625,5,5,0,5.3544001548351415e-31,5.3544001548351415e-31,0,False,False,50,BDS calculado sobre residuos agregados de todos los folds de validación
60,60 días,10,1,"(1, 1, 0)","(0, 0, 0, 0)",t,False,9.888653662901074,1.4486087474376605,132.05272584371681,28.868237783908583,5,5,0,5.446572139430972e-46,5.446572139430972e-46,0,False,False,50,BDS calculado sobre residuos agregados de todos los folds de validación
60,60 días,10,1,"(0, 1, 1)","(0, 0, 0, 0)",n,False,13.276537945262504,4.014808621553485,234.1831480796953,165.1641558216582,5,5,0,4.071835773595592e-29,4.071835773595592e-29,0,False,False,50,BDS calculado sobre residuos agregados de todos los folds de validación
60,60 días,10,1,"(0, 1, 1)","(0, 0, 0, 0)",c,False,4.112540531724667,3.50812898324976,39.48982978260507,62.340761733086204,5,5,0,2.603108277033965e-31,2.603108277033965e-31,0,False,False,50,BDS calculado sobre residuos agregados de todos los folds de validación
60,60 días,10,1,"(0, 1, 1)","(0, 0, 0, 0)",t,False,10.235005449336779,1.3291519593534444,140.02611181311335,27.087651015427387,5,5,0,5.889882191482313e-45,5.889882191482313e-45,0,False,False,50,BDS calculado sobre residuos agregados de todos los folds de validación
60,60 días,10,1,"(1, 1, 1)","(0, 0, 0, 0)",n,False,12.527059503826774,3.896567170236307,213.51408005734166,153.70318518076635,5,5,0,3.8908491278581976e-29,3.8908491278581976e-29,0,False,False,50,BDS calculado sobre residuos agregados de todos los folds de validación
60,60 días,10,1,"(1, 1, 1)","(0, 0, 0, 0)",c,False,4.210007497243721,3.192246990017171,37.51121785501648,55.43557027260467,5,5,0,4.3589452554713997e-32,4.3589452554713997e-32,0,False,False,50,BDS calculado sobre residuos agregados de todos los folds de validación
60,60 días,10,1,"(1, 1, 1)","(0, 0, 0, 0)",t,False,9.900291594599079,1.4509812482078137,132.34136480747935,28.94717741038882,5,5,0,5.446572139430972e-46,5.446572139430972e-46,0,False,False,50,BDS calculado sobre residuos agregados de todos los folds de validación
60,60 días,10,1,"(2, 1, 1)","(0, 0, 0, 0)",n,False,12.055585128611073,4.236033991032882,204.14396988473206,161.88671766452137,5,5,0,3.514345677508356e-28,3.514345677508356e-28,0,False,False,50,BDS calculado sobre residuos agregados de todos los folds de validación
60,60 días,10,1,"(2, 1, 1)","(0, 0, 0, 0)",c,False,3.4142323139026303,3.880074735111028,35.526224257737766,62.60940315905988,5,5,0,2.061907489889644e-27,2.061907489889644e-27,0,False,False,50,BDS calculado sobre residuos agregados de todos los folds de validación
60,60 días,10,1,"(2, 1, 1)","(0, 0, 0, 0)",t,False,16.664673235855,3.7366286029310998,361.86892272391503,127.60641964166943,4,5,0,1.3098405788529753e-71,1.3098405788529753e-71,0,False,False,50,BDS calculado sobre residuos agregados de todos los folds de validación
