epoch,loss_train,loss_val,mae_train,mae_val,mse_train,mse_val,modelo,numInputs,fold,epochs_usados,early_stopping_monitor,wavelet,dwt_level,low_filters,low_lstm_units,low_dropout,high_filters_1,high_filters_2,high_dilation_rates,high_dropout,dense_units,learning_rate,epochs_max,batch_size,patience
1,0.46633023023605347,0.12236089259386063,0.5408903360366821,0.2684261202812195,0.46633023023605347,0.12236089259386063,DWT_CLSTM_DCCNN,80,0,33,val_loss,db1,3,"[64, 128, 256]",128,0.5,128,192,"[1, 2, 4, 8]",0.5,64,0.001,100,32,15
2,0.15260745584964752,0.09252346307039261,0.306979775428772,0.2280707210302353,0.15260745584964752,0.09252346307039261,DWT_CLSTM_DCCNN,80,0,33,val_loss,db1,3,"[64, 128, 256]",128,0.5,128,192,"[1, 2, 4, 8]",0.5,64,0.001,100,32,15
3,0.10773152858018875,0.16388098895549774,0.2558790147304535,0.32100674510002136,0.10773152858018875,0.16388098895549774,DWT_CLSTM_DCCNN,80,0,33,val_loss,db1,3,"[64, 128, 256]",128,0.5,128,192,"[1, 2, 4, 8]",0.5,64,0.001,100,32,15
4,0.1100841611623764,0.19392594695091248,0.2539133131504059,0.337845116853714,0.1100841611623764,0.19392594695091248,DWT_CLSTM_DCCNN,80,0,33,val_loss,db1,3,"[64, 128, 256]",128,0.5,128,192,"[1, 2, 4, 8]",0.5,64,0.001,100,32,15
5,0.15129733085632324,0.10484480857849121,0.29284676909446716,0.24879801273345947,0.15129733085632324,0.10484480857849121,DWT_CLSTM_DCCNN,80,0,33,val_loss,db1,3,"[64, 128, 256]",128,0.5,128,192,"[1, 2, 4, 8]",0.5,64,0.001,100,32,15
6,0.10920792818069458,0.06747950613498688,0.25024282932281494,0.20016182959079742,0.10920792818069458,0.06747950613498688,DWT_CLSTM_DCCNN,80,0,33,val_loss,db1,3,"[64, 128, 256]",128,0.5,128,192,"[1, 2, 4, 8]",0.5,64,0.001,100,32,15
7,0.07025899738073349,0.045315392315387726,0.19983059167861938,0.15406306087970734,0.07025899738073349,0.045315392315387726,DWT_CLSTM_DCCNN,80,0,33,val_loss,db1,3,"[64, 128, 256]",128,0.5,128,192,"[1, 2, 4, 8]",0.5,64,0.001,100,32,15
8,0.05284242331981659,0.04164369776844978,0.17518694698810577,0.14477203786373138,0.05284242331981659,0.04164369776844978,DWT_CLSTM_DCCNN,80,0,33,val_loss,db1,3,"[64, 128, 256]",128,0.5,128,192,"[1, 2, 4, 8]",0.5,64,0.001,100,32,15
9,0.040913134813308716,0.050292886793613434,0.15599487721920013,0.1525869220495224,0.040913134813308716,0.050292886793613434,DWT_CLSTM_DCCNN,80,0,33,val_loss,db1,3,"[64, 128, 256]",128,0.5,128,192,"[1, 2, 4, 8]",0.5,64,0.001,100,32,15
10,0.04213237017393112,0.0346294529736042,0.15677332878112793,0.12966029345989227,0.04213237017393112,0.0346294529736042,DWT_CLSTM_DCCNN,80,0,33,val_loss,db1,3,"[64, 128, 256]",128,0.5,128,192,"[1, 2, 4, 8]",0.5,64,0.001,100,32,15
11,0.03974250331521034,0.03365737944841385,0.15037226676940918,0.12906144559383392,0.03974250331521034,0.03365737944841385,DWT_CLSTM_DCCNN,80,0,33,val_loss,db1,3,"[64, 128, 256]",128,0.5,128,192,"[1, 2, 4, 8]",0.5,64,0.001,100,32,15
12,0.031228283420205116,0.03466754034161568,0.132777601480484,0.13704121112823486,0.031228283420205116,0.03466754034161568,DWT_CLSTM_DCCNN,80,0,33,val_loss,db1,3,"[64, 128, 256]",128,0.5,128,192,"[1, 2, 4, 8]",0.5,64,0.001,100,32,15
13,0.03046412020921707,0.038270313292741776,0.1301301121711731,0.14955124258995056,0.03046412020921707,0.038270313292741776,DWT_CLSTM_DCCNN,80,0,33,val_loss,db1,3,"[64, 128, 256]",128,0.5,128,192,"[1, 2, 4, 8]",0.5,64,0.001,100,32,15
14,0.029646793380379677,0.03777145966887474,0.13070125877857208,0.14971275627613068,0.029646793380379677,0.03777145966887474,DWT_CLSTM_DCCNN,80,0,33,val_loss,db1,3,"[64, 128, 256]",128,0.5,128,192,"[1, 2, 4, 8]",0.5,64,0.001,100,32,15
15,0.02933543734252453,0.04246066138148308,0.12952499091625214,0.15264619886875153,0.02933543734252453,0.04246066138148308,DWT_CLSTM_DCCNN,80,0,33,val_loss,db1,3,"[64, 128, 256]",128,0.5,128,192,"[1, 2, 4, 8]",0.5,64,0.001,100,32,15
16,0.033939216285943985,0.043359484523534775,0.13909406960010529,0.15134868025779724,0.033939216285943985,0.043359484523534775,DWT_CLSTM_DCCNN,80,0,33,val_loss,db1,3,"[64, 128, 256]",128,0.5,128,192,"[1, 2, 4, 8]",0.5,64,0.001,100,32,15
17,0.027951547876000404,0.04180321469902992,0.1253659427165985,0.13755272328853607,0.027951547876000404,0.04180321469902992,DWT_CLSTM_DCCNN,80,0,33,val_loss,db1,3,"[64, 128, 256]",128,0.5,128,192,"[1, 2, 4, 8]",0.5,64,0.001,100,32,15
18,0.026890916749835014,0.03318210318684578,0.1250607967376709,0.13295799493789673,0.026890916749835014,0.03318210318684578,DWT_CLSTM_DCCNN,80,0,33,val_loss,db1,3,"[64, 128, 256]",128,0.5,128,192,"[1, 2, 4, 8]",0.5,64,0.001,100,32,15
19,0.030077962204813957,0.059124745428562164,0.13219685852527618,0.17096677422523499,0.030077962204813957,0.059124745428562164,DWT_CLSTM_DCCNN,80,0,33,val_loss,db1,3,"[64, 128, 256]",128,0.5,128,192,"[1, 2, 4, 8]",0.5,64,0.001,100,32,15
20,0.03494487330317497,0.07397105544805527,0.13844336569309235,0.19524390995502472,0.03494487330317497,0.07397105544805527,DWT_CLSTM_DCCNN,80,0,33,val_loss,db1,3,"[64, 128, 256]",128,0.5,128,192,"[1, 2, 4, 8]",0.5,64,0.001,100,32,15
21,0.05192526802420616,0.059919606894254684,0.16944169998168945,0.1895180642604828,0.05192526802420616,0.059919606894254684,DWT_CLSTM_DCCNN,80,0,33,val_loss,db1,3,"[64, 128, 256]",128,0.5,128,192,"[1, 2, 4, 8]",0.5,64,0.001,100,32,15
22,0.03584078699350357,0.04083900898694992,0.14492404460906982,0.14302711188793182,0.03584078699350357,0.04083900898694992,DWT_CLSTM_DCCNN,80,0,33,val_loss,db1,3,"[64, 128, 256]",128,0.5,128,192,"[1, 2, 4, 8]",0.5,64,0.001,100,32,15
23,0.03533114865422249,0.05686921998858452,0.13832181692123413,0.15518739819526672,0.03533114865422249,0.05686921998858452,DWT_CLSTM_DCCNN,80,0,33,val_loss,db1,3,"[64, 128, 256]",128,0.5,128,192,"[1, 2, 4, 8]",0.5,64,0.001,100,32,15
24,0.03867635503411293,0.09408404678106308,0.1446370780467987,0.2188861221075058,0.03867635503411293,0.09408404678106308,DWT_CLSTM_DCCNN,80,0,33,val_loss,db1,3,"[64, 128, 256]",128,0.5,128,192,"[1, 2, 4, 8]",0.5,64,0.001,100,32,15
25,0.04934985190629959,0.05613062530755997,0.1644846796989441,0.16149131953716278,0.04934985190629959,0.05613062530755997,DWT_CLSTM_DCCNN,80,0,33,val_loss,db1,3,"[64, 128, 256]",128,0.5,128,192,"[1, 2, 4, 8]",0.5,64,0.001,100,32,15
26,0.0339561402797699,0.04477205500006676,0.1326708048582077,0.15328601002693176,0.0339561402797699,0.04477205500006676,DWT_CLSTM_DCCNN,80,0,33,val_loss,db1,3,"[64, 128, 256]",128,0.5,128,192,"[1, 2, 4, 8]",0.5,64,0.001,100,32,15
27,0.025996744632720947,0.06751014292240143,0.11939410865306854,0.18282561004161835,0.025996744632720947,0.06751014292240143,DWT_CLSTM_DCCNN,80,0,33,val_loss,db1,3,"[64, 128, 256]",128,0.5,128,192,"[1, 2, 4, 8]",0.5,64,0.001,100,32,15
28,0.03379281610250473,0.04170956090092659,0.13581468164920807,0.13914552330970764,0.03379281610250473,0.04170956090092659,DWT_CLSTM_DCCNN,80,0,33,val_loss,db1,3,"[64, 128, 256]",128,0.5,128,192,"[1, 2, 4, 8]",0.5,64,0.001,100,32,15
29,0.025661060586571693,0.05087139829993248,0.12127842009067535,0.1437039077281952,0.025661060586571693,0.05087139829993248,DWT_CLSTM_DCCNN,80,0,33,val_loss,db1,3,"[64, 128, 256]",128,0.5,128,192,"[1, 2, 4, 8]",0.5,64,0.001,100,32,15
30,0.024419916793704033,0.06349164992570877,0.11444613337516785,0.1620517522096634,0.024419916793704033,0.06349164992570877,DWT_CLSTM_DCCNN,80,0,33,val_loss,db1,3,"[64, 128, 256]",128,0.5,128,192,"[1, 2, 4, 8]",0.5,64,0.001,100,32,15
31,0.029698815196752548,0.05364815518260002,0.12711037695407867,0.16528300940990448,0.029698815196752548,0.05364815518260002,DWT_CLSTM_DCCNN,80,0,33,val_loss,db1,3,"[64, 128, 256]",128,0.5,128,192,"[1, 2, 4, 8]",0.5,64,0.001,100,32,15
32,0.02489796094596386,0.04114078730344772,0.12047174572944641,0.14233741164207458,0.02489796094596386,0.04114078730344772,DWT_CLSTM_DCCNN,80,0,33,val_loss,db1,3,"[64, 128, 256]",128,0.5,128,192,"[1, 2, 4, 8]",0.5,64,0.001,100,32,15
33,0.02554776519536972,0.05002786964178085,0.12057864665985107,0.1682875156402588,0.02554776519536972,0.05002786964178085,DWT_CLSTM_DCCNN,80,0,33,val_loss,db1,3,"[64, 128, 256]",128,0.5,128,192,"[1, 2, 4, 8]",0.5,64,0.001,100,32,15
1,0.517160177230835,0.1607733517885208,0.5750912427902222,0.3076629638671875,0.517160177230835,0.1607733517885208,DWT_CLSTM_DCCNN,80,1,30,val_loss,db1,3,"[64, 128, 256]",128,0.5,128,192,"[1, 2, 4, 8]",0.5,64,0.001,100,32,15
2,0.1840858906507492,0.1867131143808365,0.3354957401752472,0.32799115777015686,0.1840858906507492,0.1867131143808365,DWT_CLSTM_DCCNN,80,1,30,val_loss,db1,3,"[64, 128, 256]",128,0.5,128,192,"[1, 2, 4, 8]",0.5,64,0.001,100,32,15
3,0.1526121199131012,0.23432143032550812,0.3048555254936218,0.38370180130004883,0.1526121199131012,0.23432143032550812,DWT_CLSTM_DCCNN,80,1,30,val_loss,db1,3,"[64, 128, 256]",128,0.5,128,192,"[1, 2, 4, 8]",0.5,64,0.001,100,32,15
4,0.17519418895244598,0.08725973218679428,0.31846341490745544,0.2232281118631363,0.17519418895244598,0.08725973218679428,DWT_CLSTM_DCCNN,80,1,30,val_loss,db1,3,"[64, 128, 256]",128,0.5,128,192,"[1, 2, 4, 8]",0.5,64,0.001,100,32,15
5,0.10702089220285416,0.05498865246772766,0.24919061362743378,0.16316045820713043,0.10702089220285416,0.05498865246772766,DWT_CLSTM_DCCNN,80,1,30,val_loss,db1,3,"[64, 128, 256]",128,0.5,128,192,"[1, 2, 4, 8]",0.5,64,0.001,100,32,15
6,0.06727172434329987,0.05655307322740555,0.1965477019548416,0.1672145277261734,0.06727172434329987,0.05655307322740555,DWT_CLSTM_DCCNN,80,1,30,val_loss,db1,3,"[64, 128, 256]",128,0.5,128,192,"[1, 2, 4, 8]",0.5,64,0.001,100,32,15
7,0.057976413518190384,0.05487801879644394,0.1819145381450653,0.17533011734485626,0.057976413518190384,0.05487801879644394,DWT_CLSTM_DCCNN,80,1,30,val_loss,db1,3,"[64, 128, 256]",128,0.5,128,192,"[1, 2, 4, 8]",0.5,64,0.001,100,32,15
8,0.044677723199129105,0.04673527553677559,0.16304343938827515,0.15110847353935242,0.044677723199129105,0.04673527553677559,DWT_CLSTM_DCCNN,80,1,30,val_loss,db1,3,"[64, 128, 256]",128,0.5,128,192,"[1, 2, 4, 8]",0.5,64,0.001,100,32,15
9,0.041205473244190216,0.050999097526073456,0.15497921407222748,0.15595276653766632,0.041205473244190216,0.050999097526073456,DWT_CLSTM_DCCNN,80,1,30,val_loss,db1,3,"[64, 128, 256]",128,0.5,128,192,"[1, 2, 4, 8]",0.5,64,0.001,100,32,15
10,0.04056750237941742,0.050478335469961166,0.15277886390686035,0.15581907331943512,0.04056750237941742,0.050478335469961166,DWT_CLSTM_DCCNN,80,1,30,val_loss,db1,3,"[64, 128, 256]",128,0.5,128,192,"[1, 2, 4, 8]",0.5,64,0.001,100,32,15
11,0.03686528652906418,0.050498444586992264,0.14445942640304565,0.1500651091337204,0.03686528652906418,0.050498444586992264,DWT_CLSTM_DCCNN,80,1,30,val_loss,db1,3,"[64, 128, 256]",128,0.5,128,192,"[1, 2, 4, 8]",0.5,64,0.001,100,32,15
12,0.03561875969171524,0.0507647730410099,0.1437622606754303,0.1571098417043686,0.03561875969171524,0.0507647730410099,DWT_CLSTM_DCCNN,80,1,30,val_loss,db1,3,"[64, 128, 256]",128,0.5,128,192,"[1, 2, 4, 8]",0.5,64,0.001,100,32,15
13,0.036359407007694244,0.0420236699283123,0.14230626821517944,0.13497748970985413,0.036359407007694244,0.0420236699283123,DWT_CLSTM_DCCNN,80,1,30,val_loss,db1,3,"[64, 128, 256]",128,0.5,128,192,"[1, 2, 4, 8]",0.5,64,0.001,100,32,15
14,0.037380509078502655,0.044507332146167755,0.1427822858095169,0.14283223450183868,0.037380509078502655,0.044507332146167755,DWT_CLSTM_DCCNN,80,1,30,val_loss,db1,3,"[64, 128, 256]",128,0.5,128,192,"[1, 2, 4, 8]",0.5,64,0.001,100,32,15
15,0.031543273478746414,0.03875258192420006,0.13264822959899902,0.13260991871356964,0.031543273478746414,0.03875258192420006,DWT_CLSTM_DCCNN,80,1,30,val_loss,db1,3,"[64, 128, 256]",128,0.5,128,192,"[1, 2, 4, 8]",0.5,64,0.001,100,32,15
16,0.030390985310077667,0.047451410442590714,0.13031479716300964,0.15946675837039948,0.030390985310077667,0.047451410442590714,DWT_CLSTM_DCCNN,80,1,30,val_loss,db1,3,"[64, 128, 256]",128,0.5,128,192,"[1, 2, 4, 8]",0.5,64,0.001,100,32,15
17,0.032786622643470764,0.049849241971969604,0.1340201050043106,0.16543182730674744,0.032786622643470764,0.049849241971969604,DWT_CLSTM_DCCNN,80,1,30,val_loss,db1,3,"[64, 128, 256]",128,0.5,128,192,"[1, 2, 4, 8]",0.5,64,0.001,100,32,15
18,0.026857396587729454,0.05151091143488884,0.12314750999212265,0.17245736718177795,0.026857396587729454,0.05151091143488884,DWT_CLSTM_DCCNN,80,1,30,val_loss,db1,3,"[64, 128, 256]",128,0.5,128,192,"[1, 2, 4, 8]",0.5,64,0.001,100,32,15
19,0.033405691385269165,0.05708030238747597,0.13672655820846558,0.17168720066547394,0.033405691385269165,0.05708030238747597,DWT_CLSTM_DCCNN,80,1,30,val_loss,db1,3,"[64, 128, 256]",128,0.5,128,192,"[1, 2, 4, 8]",0.5,64,0.001,100,32,15
20,0.03228243440389633,0.051559653133153915,0.13354088366031647,0.17482459545135498,0.03228243440389633,0.051559653133153915,DWT_CLSTM_DCCNN,80,1,30,val_loss,db1,3,"[64, 128, 256]",128,0.5,128,192,"[1, 2, 4, 8]",0.5,64,0.001,100,32,15
21,0.027995718643069267,0.052469369024038315,0.12570150196552277,0.17230404913425446,0.027995718643069267,0.052469369024038315,DWT_CLSTM_DCCNN,80,1,30,val_loss,db1,3,"[64, 128, 256]",128,0.5,128,192,"[1, 2, 4, 8]",0.5,64,0.001,100,32,15
22,0.03495953232049942,0.04015466570854187,0.14268408715724945,0.1428423821926117,0.03495953232049942,0.04015466570854187,DWT_CLSTM_DCCNN,80,1,30,val_loss,db1,3,"[64, 128, 256]",128,0.5,128,192,"[1, 2, 4, 8]",0.5,64,0.001,100,32,15
23,0.029350709170103073,0.054052796214818954,0.13087928295135498,0.16338668763637543,0.029350709170103073,0.054052796214818954,DWT_CLSTM_DCCNN,80,1,30,val_loss,db1,3,"[64, 128, 256]",128,0.5,128,192,"[1, 2, 4, 8]",0.5,64,0.001,100,32,15
24,0.04384680464863777,0.09022987633943558,0.1588255912065506,0.20290765166282654,0.04384680464863777,0.09022987633943558,DWT_CLSTM_DCCNN,80,1,30,val_loss,db1,3,"[64, 128, 256]",128,0.5,128,192,"[1, 2, 4, 8]",0.5,64,0.001,100,32,15
25,0.04530007392168045,0.11540941148996353,0.16242778301239014,0.23875108361244202,0.04530007392168045,0.11540941148996353,DWT_CLSTM_DCCNN,80,1,30,val_loss,db1,3,"[64, 128, 256]",128,0.5,128,192,"[1, 2, 4, 8]",0.5,64,0.001,100,32,15
26,0.058352675288915634,0.13937313854694366,0.17576362192630768,0.2618321478366852,0.058352675288915634,0.13937313854694366,DWT_CLSTM_DCCNN,80,1,30,val_loss,db1,3,"[64, 128, 256]",128,0.5,128,192,"[1, 2, 4, 8]",0.5,64,0.001,100,32,15
27,0.0636909008026123,0.060876280069351196,0.1826886385679245,0.16013433039188385,0.0636909008026123,0.060876280069351196,DWT_CLSTM_DCCNN,80,1,30,val_loss,db1,3,"[64, 128, 256]",128,0.5,128,192,"[1, 2, 4, 8]",0.5,64,0.001,100,32,15
28,0.03596743941307068,0.06689640134572983,0.14087380468845367,0.18734602630138397,0.03596743941307068,0.06689640134572983,DWT_CLSTM_DCCNN,80,1,30,val_loss,db1,3,"[64, 128, 256]",128,0.5,128,192,"[1, 2, 4, 8]",0.5,64,0.001,100,32,15
29,0.04433364048600197,0.07411867380142212,0.15788491070270538,0.1878228336572647,0.04433364048600197,0.07411867380142212,DWT_CLSTM_DCCNN,80,1,30,val_loss,db1,3,"[64, 128, 256]",128,0.5,128,192,"[1, 2, 4, 8]",0.5,64,0.001,100,32,15
30,0.045445702970027924,0.0601191446185112,0.1601472944021225,0.16208362579345703,0.045445702970027924,0.0601191446185112,DWT_CLSTM_DCCNN,80,1,30,val_loss,db1,3,"[64, 128, 256]",128,0.5,128,192,"[1, 2, 4, 8]",0.5,64,0.001,100,32,15
1,0.49605968594551086,0.1357199102640152,0.5612873435020447,0.28282326459884644,0.49605968594551086,0.1357199102640152,DWT_CLSTM_DCCNN,80,2,29,val_loss,db1,3,"[64, 128, 256]",128,0.5,128,192,"[1, 2, 4, 8]",0.5,64,0.001,100,32,15
2,0.17568232119083405,0.12685368955135345,0.3260032832622528,0.27777576446533203,0.17568232119083405,0.12685368955135345,DWT_CLSTM_DCCNN,80,2,29,val_loss,db1,3,"[64, 128, 256]",128,0.5,128,192,"[1, 2, 4, 8]",0.5,64,0.001,100,32,15
3,0.12477089464664459,0.1673555225133896,0.2679239809513092,0.3027527332305908,0.12477089464664459,0.1673555225133896,DWT_CLSTM_DCCNN,80,2,29,val_loss,db1,3,"[64, 128, 256]",128,0.5,128,192,"[1, 2, 4, 8]",0.5,64,0.001,100,32,15
4,0.11510971933603287,0.1960725039243698,0.2600082457065582,0.3371521532535553,0.11510971933603287,0.1960725039243698,DWT_CLSTM_DCCNN,80,2,29,val_loss,db1,3,"[64, 128, 256]",128,0.5,128,192,"[1, 2, 4, 8]",0.5,64,0.001,100,32,15
5,0.1405266672372818,0.09213847666978836,0.2848761975765228,0.23689065873622894,0.1405266672372818,0.09213847666978836,DWT_CLSTM_DCCNN,80,2,29,val_loss,db1,3,"[64, 128, 256]",128,0.5,128,192,"[1, 2, 4, 8]",0.5,64,0.001,100,32,15
6,0.08743399381637573,0.05483241006731987,0.22499625384807587,0.1798236072063446,0.08743399381637573,0.05483241006731987,DWT_CLSTM_DCCNN,80,2,29,val_loss,db1,3,"[64, 128, 256]",128,0.5,128,192,"[1, 2, 4, 8]",0.5,64,0.001,100,32,15
7,0.08249664306640625,0.047262463718652725,0.21450744569301605,0.15718162059783936,0.08249664306640625,0.047262463718652725,DWT_CLSTM_DCCNN,80,2,29,val_loss,db1,3,"[64, 128, 256]",128,0.5,128,192,"[1, 2, 4, 8]",0.5,64,0.001,100,32,15
8,0.05917226895689964,0.047237370163202286,0.18317881226539612,0.16288284957408905,0.05917226895689964,0.047237370163202286,DWT_CLSTM_DCCNN,80,2,29,val_loss,db1,3,"[64, 128, 256]",128,0.5,128,192,"[1, 2, 4, 8]",0.5,64,0.001,100,32,15
9,0.04418135806918144,0.04181985184550285,0.16011998057365417,0.14602123200893402,0.04418135806918144,0.04181985184550285,DWT_CLSTM_DCCNN,80,2,29,val_loss,db1,3,"[64, 128, 256]",128,0.5,128,192,"[1, 2, 4, 8]",0.5,64,0.001,100,32,15
10,0.039528150111436844,0.03983157128095627,0.15170052647590637,0.14542602002620697,0.039528150111436844,0.03983157128095627,DWT_CLSTM_DCCNN,80,2,29,val_loss,db1,3,"[64, 128, 256]",128,0.5,128,192,"[1, 2, 4, 8]",0.5,64,0.001,100,32,15
11,0.03198027238249779,0.03899176046252251,0.13506145775318146,0.1462293565273285,0.03198027238249779,0.03899176046252251,DWT_CLSTM_DCCNN,80,2,29,val_loss,db1,3,"[64, 128, 256]",128,0.5,128,192,"[1, 2, 4, 8]",0.5,64,0.001,100,32,15
12,0.03268676623702049,0.03426659107208252,0.13421393930912018,0.13634483516216278,0.03268676623702049,0.03426659107208252,DWT_CLSTM_DCCNN,80,2,29,val_loss,db1,3,"[64, 128, 256]",128,0.5,128,192,"[1, 2, 4, 8]",0.5,64,0.001,100,32,15
13,0.027058059349656105,0.0363130196928978,0.12380599975585938,0.14169719815254211,0.027058059349656105,0.0363130196928978,DWT_CLSTM_DCCNN,80,2,29,val_loss,db1,3,"[64, 128, 256]",128,0.5,128,192,"[1, 2, 4, 8]",0.5,64,0.001,100,32,15
14,0.028982574120163918,0.03362599387764931,0.12890954315662384,0.13121075928211212,0.028982574120163918,0.03362599387764931,DWT_CLSTM_DCCNN,80,2,29,val_loss,db1,3,"[64, 128, 256]",128,0.5,128,192,"[1, 2, 4, 8]",0.5,64,0.001,100,32,15
15,0.025681421160697937,0.04082564264535904,0.11952926963567734,0.15226903557777405,0.025681421160697937,0.04082564264535904,DWT_CLSTM_DCCNN,80,2,29,val_loss,db1,3,"[64, 128, 256]",128,0.5,128,192,"[1, 2, 4, 8]",0.5,64,0.001,100,32,15
16,0.02534879930317402,0.039460696280002594,0.11920663714408875,0.1472286432981491,0.02534879930317402,0.039460696280002594,DWT_CLSTM_DCCNN,80,2,29,val_loss,db1,3,"[64, 128, 256]",128,0.5,128,192,"[1, 2, 4, 8]",0.5,64,0.001,100,32,15
17,0.02596316859126091,0.050825733691453934,0.12206528335809708,0.16973741352558136,0.02596316859126091,0.050825733691453934,DWT_CLSTM_DCCNN,80,2,29,val_loss,db1,3,"[64, 128, 256]",128,0.5,128,192,"[1, 2, 4, 8]",0.5,64,0.001,100,32,15
18,0.026520777493715286,0.06098276749253273,0.12239573895931244,0.17791590094566345,0.026520777493715286,0.06098276749253273,DWT_CLSTM_DCCNN,80,2,29,val_loss,db1,3,"[64, 128, 256]",128,0.5,128,192,"[1, 2, 4, 8]",0.5,64,0.001,100,32,15
19,0.028678443282842636,0.06702692806720734,0.12590380012989044,0.1963004320859909,0.028678443282842636,0.06702692806720734,DWT_CLSTM_DCCNN,80,2,29,val_loss,db1,3,"[64, 128, 256]",128,0.5,128,192,"[1, 2, 4, 8]",0.5,64,0.001,100,32,15
20,0.027562053874135017,0.05511206015944481,0.12651008367538452,0.16024060547351837,0.027562053874135017,0.05511206015944481,DWT_CLSTM_DCCNN,80,2,29,val_loss,db1,3,"[64, 128, 256]",128,0.5,128,192,"[1, 2, 4, 8]",0.5,64,0.001,100,32,15
21,0.028282245621085167,0.039506666362285614,0.12996728718280792,0.14273449778556824,0.028282245621085167,0.039506666362285614,DWT_CLSTM_DCCNN,80,2,29,val_loss,db1,3,"[64, 128, 256]",128,0.5,128,192,"[1, 2, 4, 8]",0.5,64,0.001,100,32,15
22,0.02750791609287262,0.03785577416419983,0.12731187045574188,0.13820859789848328,0.02750791609287262,0.03785577416419983,DWT_CLSTM_DCCNN,80,2,29,val_loss,db1,3,"[64, 128, 256]",128,0.5,128,192,"[1, 2, 4, 8]",0.5,64,0.001,100,32,15
23,0.028852373361587524,0.045940570533275604,0.12933634221553802,0.1631641834974289,0.028852373361587524,0.045940570533275604,DWT_CLSTM_DCCNN,80,2,29,val_loss,db1,3,"[64, 128, 256]",128,0.5,128,192,"[1, 2, 4, 8]",0.5,64,0.001,100,32,15
24,0.036272212862968445,0.10200880467891693,0.14362110197544098,0.2619737982749939,0.036272212862968445,0.10200880467891693,DWT_CLSTM_DCCNN,80,2,29,val_loss,db1,3,"[64, 128, 256]",128,0.5,128,192,"[1, 2, 4, 8]",0.5,64,0.001,100,32,15
25,0.06063180789351463,0.10883636027574539,0.18213292956352234,0.26818352937698364,0.06063180789351463,0.10883636027574539,DWT_CLSTM_DCCNN,80,2,29,val_loss,db1,3,"[64, 128, 256]",128,0.5,128,192,"[1, 2, 4, 8]",0.5,64,0.001,100,32,15
26,0.0550011545419693,0.05366889759898186,0.17484137415885925,0.17858470976352692,0.0550011545419693,0.05366889759898186,DWT_CLSTM_DCCNN,80,2,29,val_loss,db1,3,"[64, 128, 256]",128,0.5,128,192,"[1, 2, 4, 8]",0.5,64,0.001,100,32,15
27,0.03930508345365524,0.09493695199489594,0.15233251452445984,0.20186938345432281,0.03930508345365524,0.09493695199489594,DWT_CLSTM_DCCNN,80,2,29,val_loss,db1,3,"[64, 128, 256]",128,0.5,128,192,"[1, 2, 4, 8]",0.5,64,0.001,100,32,15
28,0.050697024911642075,0.11864687502384186,0.1673423796892166,0.23034535348415375,0.050697024911642075,0.11864687502384186,DWT_CLSTM_DCCNN,80,2,29,val_loss,db1,3,"[64, 128, 256]",128,0.5,128,192,"[1, 2, 4, 8]",0.5,64,0.001,100,32,15
29,0.05820215865969658,0.06691742688417435,0.17668384313583374,0.181087464094162,0.05820215865969658,0.06691742688417435,DWT_CLSTM_DCCNN,80,2,29,val_loss,db1,3,"[64, 128, 256]",128,0.5,128,192,"[1, 2, 4, 8]",0.5,64,0.001,100,32,15
1,0.47921839356422424,0.1287308633327484,0.5508576035499573,0.2795725464820862,0.47921839356422424,0.1287308633327484,DWT_CLSTM_DCCNN,80,3,34,val_loss,db1,3,"[64, 128, 256]",128,0.5,128,192,"[1, 2, 4, 8]",0.5,64,0.001,100,32,15
2,0.1567022055387497,0.1735372096300125,0.310957133769989,0.3103678226470947,0.1567022055387497,0.1735372096300125,DWT_CLSTM_DCCNN,80,3,34,val_loss,db1,3,"[64, 128, 256]",128,0.5,128,192,"[1, 2, 4, 8]",0.5,64,0.001,100,32,15
3,0.13345889747142792,0.17761431634426117,0.2833377420902252,0.3151319921016693,0.13345889747142792,0.17761431634426117,DWT_CLSTM_DCCNN,80,3,34,val_loss,db1,3,"[64, 128, 256]",128,0.5,128,192,"[1, 2, 4, 8]",0.5,64,0.001,100,32,15
4,0.14221978187561035,0.1415203958749771,0.2904236912727356,0.29459723830223083,0.14221978187561035,0.1415203958749771,DWT_CLSTM_DCCNN,80,3,34,val_loss,db1,3,"[64, 128, 256]",128,0.5,128,192,"[1, 2, 4, 8]",0.5,64,0.001,100,32,15
5,0.12509630620479584,0.062308456748723984,0.26720497012138367,0.19454969465732574,0.12509630620479584,0.062308456748723984,DWT_CLSTM_DCCNN,80,3,34,val_loss,db1,3,"[64, 128, 256]",128,0.5,128,192,"[1, 2, 4, 8]",0.5,64,0.001,100,32,15
6,0.09152168035507202,0.04365932196378708,0.22610674798488617,0.1579432487487793,0.09152168035507202,0.04365932196378708,DWT_CLSTM_DCCNN,80,3,34,val_loss,db1,3,"[64, 128, 256]",128,0.5,128,192,"[1, 2, 4, 8]",0.5,64,0.001,100,32,15
7,0.0635569840669632,0.04162373021245003,0.19545100629329681,0.1535378396511078,0.0635569840669632,0.04162373021245003,DWT_CLSTM_DCCNN,80,3,34,val_loss,db1,3,"[64, 128, 256]",128,0.5,128,192,"[1, 2, 4, 8]",0.5,64,0.001,100,32,15
8,0.045408979058265686,0.046044688671827316,0.16527022421360016,0.15268050134181976,0.045408979058265686,0.046044688671827316,DWT_CLSTM_DCCNN,80,3,34,val_loss,db1,3,"[64, 128, 256]",128,0.5,128,192,"[1, 2, 4, 8]",0.5,64,0.001,100,32,15
9,0.05076998472213745,0.05319241061806679,0.1690288484096527,0.16872504353523254,0.05076998472213745,0.05319241061806679,DWT_CLSTM_DCCNN,80,3,34,val_loss,db1,3,"[64, 128, 256]",128,0.5,128,192,"[1, 2, 4, 8]",0.5,64,0.001,100,32,15
10,0.053118906915187836,0.061482690274715424,0.1744818240404129,0.17879395186901093,0.053118906915187836,0.061482690274715424,DWT_CLSTM_DCCNN,80,3,34,val_loss,db1,3,"[64, 128, 256]",128,0.5,128,192,"[1, 2, 4, 8]",0.5,64,0.001,100,32,15
11,0.04948715493083,0.05987611040472984,0.16948072612285614,0.18716879189014435,0.04948715493083,0.05987611040472984,DWT_CLSTM_DCCNN,80,3,34,val_loss,db1,3,"[64, 128, 256]",128,0.5,128,192,"[1, 2, 4, 8]",0.5,64,0.001,100,32,15
12,0.04438783973455429,0.0440058708190918,0.15794162452220917,0.16000805795192719,0.04438783973455429,0.0440058708190918,DWT_CLSTM_DCCNN,80,3,34,val_loss,db1,3,"[64, 128, 256]",128,0.5,128,192,"[1, 2, 4, 8]",0.5,64,0.001,100,32,15
13,0.03654040768742561,0.06473962962627411,0.1457526832818985,0.20068569481372833,0.03654040768742561,0.06473962962627411,DWT_CLSTM_DCCNN,80,3,34,val_loss,db1,3,"[64, 128, 256]",128,0.5,128,192,"[1, 2, 4, 8]",0.5,64,0.001,100,32,15
14,0.038149721920490265,0.06609542667865753,0.14816433191299438,0.1895279884338379,0.038149721920490265,0.06609542667865753,DWT_CLSTM_DCCNN,80,3,34,val_loss,db1,3,"[64, 128, 256]",128,0.5,128,192,"[1, 2, 4, 8]",0.5,64,0.001,100,32,15
15,0.03399858623743057,0.05758515000343323,0.14340147376060486,0.1631060689687729,0.03399858623743057,0.05758515000343323,DWT_CLSTM_DCCNN,80,3,34,val_loss,db1,3,"[64, 128, 256]",128,0.5,128,192,"[1, 2, 4, 8]",0.5,64,0.001,100,32,15
16,0.044210854917764664,0.0636872723698616,0.1620214581489563,0.18974320590496063,0.044210854917764664,0.0636872723698616,DWT_CLSTM_DCCNN,80,3,34,val_loss,db1,3,"[64, 128, 256]",128,0.5,128,192,"[1, 2, 4, 8]",0.5,64,0.001,100,32,15
17,0.04169504716992378,0.06800200790166855,0.15719999372959137,0.2091740220785141,0.04169504716992378,0.06800200790166855,DWT_CLSTM_DCCNN,80,3,34,val_loss,db1,3,"[64, 128, 256]",128,0.5,128,192,"[1, 2, 4, 8]",0.5,64,0.001,100,32,15
18,0.03623839467763901,0.04899273067712784,0.14380931854248047,0.1760338693857193,0.03623839467763901,0.04899273067712784,DWT_CLSTM_DCCNN,80,3,34,val_loss,db1,3,"[64, 128, 256]",128,0.5,128,192,"[1, 2, 4, 8]",0.5,64,0.001,100,32,15
19,0.03780986741185188,0.03354775533080101,0.14532513916492462,0.13796992599964142,0.03780986741185188,0.03354775533080101,DWT_CLSTM_DCCNN,80,3,34,val_loss,db1,3,"[64, 128, 256]",128,0.5,128,192,"[1, 2, 4, 8]",0.5,64,0.001,100,32,15
20,0.0321456603705883,0.036260467022657394,0.13456694781780243,0.13987039029598236,0.0321456603705883,0.036260467022657394,DWT_CLSTM_DCCNN,80,3,34,val_loss,db1,3,"[64, 128, 256]",128,0.5,128,192,"[1, 2, 4, 8]",0.5,64,0.001,100,32,15
21,0.03446723893284798,0.04657084494829178,0.1377919614315033,0.1550513505935669,0.03446723893284798,0.04657084494829178,DWT_CLSTM_DCCNN,80,3,34,val_loss,db1,3,"[64, 128, 256]",128,0.5,128,192,"[1, 2, 4, 8]",0.5,64,0.001,100,32,15
22,0.03653545677661896,0.05259881168603897,0.14384134113788605,0.18533514440059662,0.03653545677661896,0.05259881168603897,DWT_CLSTM_DCCNN,80,3,34,val_loss,db1,3,"[64, 128, 256]",128,0.5,128,192,"[1, 2, 4, 8]",0.5,64,0.001,100,32,15
23,0.03113834746181965,0.05246175080537796,0.13272522389888763,0.18434593081474304,0.03113834746181965,0.05246175080537796,DWT_CLSTM_DCCNN,80,3,34,val_loss,db1,3,"[64, 128, 256]",128,0.5,128,192,"[1, 2, 4, 8]",0.5,64,0.001,100,32,15
24,0.02661880850791931,0.05132612958550453,0.12289392203092575,0.18231983482837677,0.02661880850791931,0.05132612958550453,DWT_CLSTM_DCCNN,80,3,34,val_loss,db1,3,"[64, 128, 256]",128,0.5,128,192,"[1, 2, 4, 8]",0.5,64,0.001,100,32,15
25,0.025172457098960876,0.04095054417848587,0.12176436930894852,0.1503496617078781,0.025172457098960876,0.04095054417848587,DWT_CLSTM_DCCNN,80,3,34,val_loss,db1,3,"[64, 128, 256]",128,0.5,128,192,"[1, 2, 4, 8]",0.5,64,0.001,100,32,15
26,0.026562737300992012,0.05674971267580986,0.12571819126605988,0.1610119640827179,0.026562737300992012,0.05674971267580986,DWT_CLSTM_DCCNN,80,3,34,val_loss,db1,3,"[64, 128, 256]",128,0.5,128,192,"[1, 2, 4, 8]",0.5,64,0.001,100,32,15
27,0.03089563548564911,0.06976942718029022,0.13446837663650513,0.180131196975708,0.03089563548564911,0.06976942718029022,DWT_CLSTM_DCCNN,80,3,34,val_loss,db1,3,"[64, 128, 256]",128,0.5,128,192,"[1, 2, 4, 8]",0.5,64,0.001,100,32,15
28,0.027852606028318405,0.08145888894796371,0.12873797118663788,0.19674594700336456,0.027852606028318405,0.08145888894796371,DWT_CLSTM_DCCNN,80,3,34,val_loss,db1,3,"[64, 128, 256]",128,0.5,128,192,"[1, 2, 4, 8]",0.5,64,0.001,100,32,15
29,0.034252338111400604,0.10566915571689606,0.13717888295650482,0.22317269444465637,0.034252338111400604,0.10566915571689606,DWT_CLSTM_DCCNN,80,3,34,val_loss,db1,3,"[64, 128, 256]",128,0.5,128,192,"[1, 2, 4, 8]",0.5,64,0.001,100,32,15
30,0.049383170902729034,0.08828157931566238,0.1664433777332306,0.20505429804325104,0.049383170902729034,0.08828157931566238,DWT_CLSTM_DCCNN,80,3,34,val_loss,db1,3,"[64, 128, 256]",128,0.5,128,192,"[1, 2, 4, 8]",0.5,64,0.001,100,32,15
31,0.04317624866962433,0.04124080389738083,0.15703682601451874,0.14232157170772552,0.04317624866962433,0.04124080389738083,DWT_CLSTM_DCCNN,80,3,34,val_loss,db1,3,"[64, 128, 256]",128,0.5,128,192,"[1, 2, 4, 8]",0.5,64,0.001,100,32,15
32,0.0321306511759758,0.09952080994844437,0.1367993950843811,0.24265050888061523,0.0321306511759758,0.09952080994844437,DWT_CLSTM_DCCNN,80,3,34,val_loss,db1,3,"[64, 128, 256]",128,0.5,128,192,"[1, 2, 4, 8]",0.5,64,0.001,100,32,15
33,0.05815033242106438,0.07015224546194077,0.17568278312683105,0.21556541323661804,0.05815033242106438,0.07015224546194077,DWT_CLSTM_DCCNN,80,3,34,val_loss,db1,3,"[64, 128, 256]",128,0.5,128,192,"[1, 2, 4, 8]",0.5,64,0.001,100,32,15
34,0.056758612394332886,0.10672611743211746,0.1779225915670395,0.2615841031074524,0.056758612394332886,0.10672611743211746,DWT_CLSTM_DCCNN,80,3,34,val_loss,db1,3,"[64, 128, 256]",128,0.5,128,192,"[1, 2, 4, 8]",0.5,64,0.001,100,32,15
1,0.51513671875,0.2127043753862381,0.5536035299301147,0.34789952635765076,0.51513671875,0.2127043753862381,DWT_CLSTM_DCCNN,80,4,43,val_loss,db1,3,"[64, 128, 256]",128,0.5,128,192,"[1, 2, 4, 8]",0.5,64,0.001,100,32,15
2,0.19100311398506165,0.12562178075313568,0.3346285820007324,0.2727912366390228,0.19100311398506165,0.12562178075313568,DWT_CLSTM_DCCNN,80,4,43,val_loss,db1,3,"[64, 128, 256]",128,0.5,128,192,"[1, 2, 4, 8]",0.5,64,0.001,100,32,15
3,0.12859682738780975,0.09995640069246292,0.27557483315467834,0.24168868362903595,0.12859682738780975,0.09995640069246292,DWT_CLSTM_DCCNN,80,4,43,val_loss,db1,3,"[64, 128, 256]",128,0.5,128,192,"[1, 2, 4, 8]",0.5,64,0.001,100,32,15
4,0.10075630247592926,0.07499076426029205,0.24387706816196442,0.20904429256916046,0.10075630247592926,0.07499076426029205,DWT_CLSTM_DCCNN,80,4,43,val_loss,db1,3,"[64, 128, 256]",128,0.5,128,192,"[1, 2, 4, 8]",0.5,64,0.001,100,32,15
5,0.08732481300830841,0.07609812170267105,0.2289738953113556,0.2096325159072876,0.08732481300830841,0.07609812170267105,DWT_CLSTM_DCCNN,80,4,43,val_loss,db1,3,"[64, 128, 256]",128,0.5,128,192,"[1, 2, 4, 8]",0.5,64,0.001,100,32,15
6,0.07473540306091309,0.059737686067819595,0.20573081076145172,0.18213848769664764,0.07473540306091309,0.059737686067819595,DWT_CLSTM_DCCNN,80,4,43,val_loss,db1,3,"[64, 128, 256]",128,0.5,128,192,"[1, 2, 4, 8]",0.5,64,0.001,100,32,15
7,0.05700994282960892,0.05508299544453621,0.1792820245027542,0.1756616234779358,0.05700994282960892,0.05508299544453621,DWT_CLSTM_DCCNN,80,4,43,val_loss,db1,3,"[64, 128, 256]",128,0.5,128,192,"[1, 2, 4, 8]",0.5,64,0.001,100,32,15
8,0.05618920177221298,0.04966673254966736,0.17704303562641144,0.16757884621620178,0.05618920177221298,0.04966673254966736,DWT_CLSTM_DCCNN,80,4,43,val_loss,db1,3,"[64, 128, 256]",128,0.5,128,192,"[1, 2, 4, 8]",0.5,64,0.001,100,32,15
9,0.049883823841810226,0.04703114926815033,0.1676880568265915,0.15343420207500458,0.049883823841810226,0.04703114926815033,DWT_CLSTM_DCCNN,80,4,43,val_loss,db1,3,"[64, 128, 256]",128,0.5,128,192,"[1, 2, 4, 8]",0.5,64,0.001,100,32,15
10,0.043736957013607025,0.04579692706465721,0.15543653070926666,0.15162861347198486,0.043736957013607025,0.04579692706465721,DWT_CLSTM_DCCNN,80,4,43,val_loss,db1,3,"[64, 128, 256]",128,0.5,128,192,"[1, 2, 4, 8]",0.5,64,0.001,100,32,15
11,0.04432602971792221,0.045509692281484604,0.15734216570854187,0.14591921865940094,0.04432602971792221,0.045509692281484604,DWT_CLSTM_DCCNN,80,4,43,val_loss,db1,3,"[64, 128, 256]",128,0.5,128,192,"[1, 2, 4, 8]",0.5,64,0.001,100,32,15
12,0.04168744012713432,0.04127215966582298,0.1521071046590805,0.1421775370836258,0.04168744012713432,0.04127215966582298,DWT_CLSTM_DCCNN,80,4,43,val_loss,db1,3,"[64, 128, 256]",128,0.5,128,192,"[1, 2, 4, 8]",0.5,64,0.001,100,32,15
13,0.0422477200627327,0.03818432614207268,0.15371163189411163,0.13606339693069458,0.0422477200627327,0.03818432614207268,DWT_CLSTM_DCCNN,80,4,43,val_loss,db1,3,"[64, 128, 256]",128,0.5,128,192,"[1, 2, 4, 8]",0.5,64,0.001,100,32,15
14,0.04188020899891853,0.052924104034900665,0.1526665985584259,0.1758306324481964,0.04188020899891853,0.052924104034900665,DWT_CLSTM_DCCNN,80,4,43,val_loss,db1,3,"[64, 128, 256]",128,0.5,128,192,"[1, 2, 4, 8]",0.5,64,0.001,100,32,15
15,0.0411602184176445,0.049213510006666183,0.15216423571109772,0.1609717160463333,0.0411602184176445,0.049213510006666183,DWT_CLSTM_DCCNN,80,4,43,val_loss,db1,3,"[64, 128, 256]",128,0.5,128,192,"[1, 2, 4, 8]",0.5,64,0.001,100,32,15
16,0.03926527500152588,0.06996610015630722,0.1458721160888672,0.2050328105688095,0.03926527500152588,0.06996610015630722,DWT_CLSTM_DCCNN,80,4,43,val_loss,db1,3,"[64, 128, 256]",128,0.5,128,192,"[1, 2, 4, 8]",0.5,64,0.001,100,32,15
17,0.0450972244143486,0.06222100555896759,0.15775159001350403,0.1708584576845169,0.0450972244143486,0.06222100555896759,DWT_CLSTM_DCCNN,80,4,43,val_loss,db1,3,"[64, 128, 256]",128,0.5,128,192,"[1, 2, 4, 8]",0.5,64,0.001,100,32,15
18,0.03524036332964897,0.05378592759370804,0.14090006053447723,0.15663976967334747,0.03524036332964897,0.05378592759370804,DWT_CLSTM_DCCNN,80,4,43,val_loss,db1,3,"[64, 128, 256]",128,0.5,128,192,"[1, 2, 4, 8]",0.5,64,0.001,100,32,15
19,0.03667524456977844,0.061055950820446014,0.1375521868467331,0.17295651137828827,0.03667524456977844,0.061055950820446014,DWT_CLSTM_DCCNN,80,4,43,val_loss,db1,3,"[64, 128, 256]",128,0.5,128,192,"[1, 2, 4, 8]",0.5,64,0.001,100,32,15
20,0.0503150150179863,0.0477684885263443,0.17098961770534515,0.13945403695106506,0.0503150150179863,0.0477684885263443,DWT_CLSTM_DCCNN,80,4,43,val_loss,db1,3,"[64, 128, 256]",128,0.5,128,192,"[1, 2, 4, 8]",0.5,64,0.001,100,32,15
21,0.05041559413075447,0.05722624063491821,0.16514478623867035,0.17116814851760864,0.05041559413075447,0.05722624063491821,DWT_CLSTM_DCCNN,80,4,43,val_loss,db1,3,"[64, 128, 256]",128,0.5,128,192,"[1, 2, 4, 8]",0.5,64,0.001,100,32,15
22,0.0509258434176445,0.06933287531137466,0.16948850452899933,0.20515723526477814,0.0509258434176445,0.06933287531137466,DWT_CLSTM_DCCNN,80,4,43,val_loss,db1,3,"[64, 128, 256]",128,0.5,128,192,"[1, 2, 4, 8]",0.5,64,0.001,100,32,15
23,0.06445057690143585,0.04760519787669182,0.186972975730896,0.16703753173351288,0.06445057690143585,0.04760519787669182,DWT_CLSTM_DCCNN,80,4,43,val_loss,db1,3,"[64, 128, 256]",128,0.5,128,192,"[1, 2, 4, 8]",0.5,64,0.001,100,32,15
24,0.05733232945203781,0.06308025121688843,0.1775258332490921,0.18638865649700165,0.05733232945203781,0.06308025121688843,DWT_CLSTM_DCCNN,80,4,43,val_loss,db1,3,"[64, 128, 256]",128,0.5,128,192,"[1, 2, 4, 8]",0.5,64,0.001,100,32,15
25,0.04336941987276077,0.06315907835960388,0.15469123423099518,0.18238452076911926,0.04336941987276077,0.06315907835960388,DWT_CLSTM_DCCNN,80,4,43,val_loss,db1,3,"[64, 128, 256]",128,0.5,128,192,"[1, 2, 4, 8]",0.5,64,0.001,100,32,15
26,0.033969003707170486,0.04398065805435181,0.13299761712551117,0.13119743764400482,0.033969003707170486,0.04398065805435181,DWT_CLSTM_DCCNN,80,4,43,val_loss,db1,3,"[64, 128, 256]",128,0.5,128,192,"[1, 2, 4, 8]",0.5,64,0.001,100,32,15
27,0.035119663923978806,0.05132811889052391,0.13892687857151031,0.16403234004974365,0.035119663923978806,0.05132811889052391,DWT_CLSTM_DCCNN,80,4,43,val_loss,db1,3,"[64, 128, 256]",128,0.5,128,192,"[1, 2, 4, 8]",0.5,64,0.001,100,32,15
28,0.04092760756611824,0.03690280765295029,0.14975234866142273,0.13363713026046753,0.04092760756611824,0.03690280765295029,DWT_CLSTM_DCCNN,80,4,43,val_loss,db1,3,"[64, 128, 256]",128,0.5,128,192,"[1, 2, 4, 8]",0.5,64,0.001,100,32,15
29,0.033309221267700195,0.042338307946920395,0.13481441140174866,0.14186997711658478,0.033309221267700195,0.042338307946920395,DWT_CLSTM_DCCNN,80,4,43,val_loss,db1,3,"[64, 128, 256]",128,0.5,128,192,"[1, 2, 4, 8]",0.5,64,0.001,100,32,15
30,0.02736411988735199,0.050171222537755966,0.12188047170639038,0.1504148244857788,0.02736411988735199,0.050171222537755966,DWT_CLSTM_DCCNN,80,4,43,val_loss,db1,3,"[64, 128, 256]",128,0.5,128,192,"[1, 2, 4, 8]",0.5,64,0.001,100,32,15
31,0.028749657794833183,0.04521249234676361,0.1236921176314354,0.14250950515270233,0.028749657794833183,0.04521249234676361,DWT_CLSTM_DCCNN,80,4,43,val_loss,db1,3,"[64, 128, 256]",128,0.5,128,192,"[1, 2, 4, 8]",0.5,64,0.001,100,32,15
32,0.031221585348248482,0.04594501107931137,0.12983360886573792,0.14434084296226501,0.031221585348248482,0.04594501107931137,DWT_CLSTM_DCCNN,80,4,43,val_loss,db1,3,"[64, 128, 256]",128,0.5,128,192,"[1, 2, 4, 8]",0.5,64,0.001,100,32,15
33,0.023905400186777115,0.0408293679356575,0.11369650065898895,0.13528208434581757,0.023905400186777115,0.0408293679356575,DWT_CLSTM_DCCNN,80,4,43,val_loss,db1,3,"[64, 128, 256]",128,0.5,128,192,"[1, 2, 4, 8]",0.5,64,0.001,100,32,15
34,0.028392231091856956,0.043068401515483856,0.12457150220870972,0.13309992849826813,0.028392231091856956,0.043068401515483856,DWT_CLSTM_DCCNN,80,4,43,val_loss,db1,3,"[64, 128, 256]",128,0.5,128,192,"[1, 2, 4, 8]",0.5,64,0.001,100,32,15
35,0.021515747532248497,0.045321159064769745,0.10891998559236526,0.1346464306116104,0.021515747532248497,0.04532116651535034,DWT_CLSTM_DCCNN,80,4,43,val_loss,db1,3,"[64, 128, 256]",128,0.5,128,192,"[1, 2, 4, 8]",0.5,64,0.001,100,32,15
36,0.02173566445708275,0.04893358796834946,0.10935287922620773,0.14396561682224274,0.02173566445708275,0.04893358796834946,DWT_CLSTM_DCCNN,80,4,43,val_loss,db1,3,"[64, 128, 256]",128,0.5,128,192,"[1, 2, 4, 8]",0.5,64,0.001,100,32,15
37,0.02240823395550251,0.04588639736175537,0.10968916118144989,0.12934395670890808,0.02240823395550251,0.04588639736175537,DWT_CLSTM_DCCNN,80,4,43,val_loss,db1,3,"[64, 128, 256]",128,0.5,128,192,"[1, 2, 4, 8]",0.5,64,0.001,100,32,15
38,0.022405585274100304,0.04862440004944801,0.10953998565673828,0.14721892774105072,0.022405585274100304,0.04862440004944801,DWT_CLSTM_DCCNN,80,4,43,val_loss,db1,3,"[64, 128, 256]",128,0.5,128,192,"[1, 2, 4, 8]",0.5,64,0.001,100,32,15
39,0.025060134008526802,0.04193392023444176,0.11529149115085602,0.1341615617275238,0.025060134008526802,0.04193392023444176,DWT_CLSTM_DCCNN,80,4,43,val_loss,db1,3,"[64, 128, 256]",128,0.5,128,192,"[1, 2, 4, 8]",0.5,64,0.001,100,32,15
40,0.023813528940081596,0.047422945499420166,0.11429297924041748,0.15313151478767395,0.023813528940081596,0.047422945499420166,DWT_CLSTM_DCCNN,80,4,43,val_loss,db1,3,"[64, 128, 256]",128,0.5,128,192,"[1, 2, 4, 8]",0.5,64,0.001,100,32,15
41,0.0197842326015234,0.05398494005203247,0.10375335067510605,0.15263999998569489,0.0197842326015234,0.05398494005203247,DWT_CLSTM_DCCNN,80,4,43,val_loss,db1,3,"[64, 128, 256]",128,0.5,128,192,"[1, 2, 4, 8]",0.5,64,0.001,100,32,15
42,0.018024099990725517,0.047660280019044876,0.09952373057603836,0.14130882918834686,0.018024099990725517,0.047660280019044876,DWT_CLSTM_DCCNN,80,4,43,val_loss,db1,3,"[64, 128, 256]",128,0.5,128,192,"[1, 2, 4, 8]",0.5,64,0.001,100,32,15
43,0.020807666704058647,0.05050509795546532,0.10424964129924774,0.14260530471801758,0.020807666704058647,0.05050509795546532,DWT_CLSTM_DCCNN,80,4,43,val_loss,db1,3,"[64, 128, 256]",128,0.5,128,192,"[1, 2, 4, 8]",0.5,64,0.001,100,32,15
1,0.48248058557510376,0.13931645452976227,0.5545549988746643,0.29057684540748596,0.48248058557510376,0.13931645452976227,DWT_CLSTM_DCCNN,80,0,29,val_loss,db1,4,"[64, 128, 256]",128,0.5,128,192,"[1, 2, 4, 8]",0.5,64,0.001,100,32,15
2,0.16032324731349945,0.11858075112104416,0.3149721920490265,0.24964208900928497,0.16032324731349945,0.11858075112104416,DWT_CLSTM_DCCNN,80,0,29,val_loss,db1,4,"[64, 128, 256]",128,0.5,128,192,"[1, 2, 4, 8]",0.5,64,0.001,100,32,15
3,0.1242954283952713,0.1749202162027359,0.276214599609375,0.30210065841674805,0.1242954283952713,0.1749202162027359,DWT_CLSTM_DCCNN,80,0,29,val_loss,db1,4,"[64, 128, 256]",128,0.5,128,192,"[1, 2, 4, 8]",0.5,64,0.001,100,32,15
4,0.1405833214521408,0.15042054653167725,0.291824072599411,0.2956663966178894,0.1405833214521408,0.15042054653167725,DWT_CLSTM_DCCNN,80,0,29,val_loss,db1,4,"[64, 128, 256]",128,0.5,128,192,"[1, 2, 4, 8]",0.5,64,0.001,100,32,15
5,0.13464154303073883,0.12914921343326569,0.2824269235134125,0.28874510526657104,0.13464154303073883,0.12914921343326569,DWT_CLSTM_DCCNN,80,0,29,val_loss,db1,4,"[64, 128, 256]",128,0.5,128,192,"[1, 2, 4, 8]",0.5,64,0.001,100,32,15
6,0.117701955139637,0.05232778564095497,0.26066654920578003,0.17256344854831696,0.117701955139637,0.05232778564095497,DWT_CLSTM_DCCNN,80,0,29,val_loss,db1,4,"[64, 128, 256]",128,0.5,128,192,"[1, 2, 4, 8]",0.5,64,0.001,100,32,15
7,0.07850256562232971,0.0575563870370388,0.21614229679107666,0.17805610597133636,0.07850256562232971,0.0575563870370388,DWT_CLSTM_DCCNN,80,0,29,val_loss,db1,4,"[64, 128, 256]",128,0.5,128,192,"[1, 2, 4, 8]",0.5,64,0.001,100,32,15
8,0.0622611865401268,0.04647773131728172,0.18834753334522247,0.15953852236270905,0.0622611865401268,0.04647773131728172,DWT_CLSTM_DCCNN,80,0,29,val_loss,db1,4,"[64, 128, 256]",128,0.5,128,192,"[1, 2, 4, 8]",0.5,64,0.001,100,32,15
9,0.04481179267168045,0.043507467955350876,0.16139033436775208,0.16241411864757538,0.04481179267168045,0.043507467955350876,DWT_CLSTM_DCCNN,80,0,29,val_loss,db1,4,"[64, 128, 256]",128,0.5,128,192,"[1, 2, 4, 8]",0.5,64,0.001,100,32,15
10,0.042015884071588516,0.043017175048589706,0.15795202553272247,0.1604127585887909,0.042015884071588516,0.043017175048589706,DWT_CLSTM_DCCNN,80,0,29,val_loss,db1,4,"[64, 128, 256]",128,0.5,128,192,"[1, 2, 4, 8]",0.5,64,0.001,100,32,15
11,0.038536522537469864,0.043747782707214355,0.14894983172416687,0.14803341031074524,0.038536522537469864,0.043747782707214355,DWT_CLSTM_DCCNN,80,0,29,val_loss,db1,4,"[64, 128, 256]",128,0.5,128,192,"[1, 2, 4, 8]",0.5,64,0.001,100,32,15
12,0.037504758685827255,0.05919358879327774,0.1439017355442047,0.16535118222236633,0.037504758685827255,0.05919358879327774,DWT_CLSTM_DCCNN,80,0,29,val_loss,db1,4,"[64, 128, 256]",128,0.5,128,192,"[1, 2, 4, 8]",0.5,64,0.001,100,32,15
13,0.043956954032182693,0.057357825338840485,0.1572113037109375,0.16734418272972107,0.043956954032182693,0.057357825338840485,DWT_CLSTM_DCCNN,80,0,29,val_loss,db1,4,"[64, 128, 256]",128,0.5,128,192,"[1, 2, 4, 8]",0.5,64,0.001,100,32,15
14,0.04434933885931969,0.039647966623306274,0.15705910325050354,0.1497878134250641,0.04434933885931969,0.039647966623306274,DWT_CLSTM_DCCNN,80,0,29,val_loss,db1,4,"[64, 128, 256]",128,0.5,128,192,"[1, 2, 4, 8]",0.5,64,0.001,100,32,15
15,0.04613802954554558,0.0820167139172554,0.16370797157287598,0.22702845931053162,0.04613802954554558,0.0820167139172554,DWT_CLSTM_DCCNN,80,0,29,val_loss,db1,4,"[64, 128, 256]",128,0.5,128,192,"[1, 2, 4, 8]",0.5,64,0.001,100,32,15
16,0.05836694315075874,0.06370074301958084,0.1723194122314453,0.19247400760650635,0.05836694315075874,0.06370074301958084,DWT_CLSTM_DCCNN,80,0,29,val_loss,db1,4,"[64, 128, 256]",128,0.5,128,192,"[1, 2, 4, 8]",0.5,64,0.001,100,32,15
17,0.042108021676540375,0.043942295014858246,0.15521065890789032,0.15555301308631897,0.042108021676540375,0.043942295014858246,DWT_CLSTM_DCCNN,80,0,29,val_loss,db1,4,"[64, 128, 256]",128,0.5,128,192,"[1, 2, 4, 8]",0.5,64,0.001,100,32,15
18,0.03513839468359947,0.061497122049331665,0.14330045878887177,0.17078229784965515,0.03513839468359947,0.061497122049331665,DWT_CLSTM_DCCNN,80,0,29,val_loss,db1,4,"[64, 128, 256]",128,0.5,128,192,"[1, 2, 4, 8]",0.5,64,0.001,100,32,15
19,0.035855211317539215,0.05763097479939461,0.14087019860744476,0.1611846536397934,0.035855211317539215,0.05763097479939461,DWT_CLSTM_DCCNN,80,0,29,val_loss,db1,4,"[64, 128, 256]",128,0.5,128,192,"[1, 2, 4, 8]",0.5,64,0.001,100,32,15
20,0.0368117019534111,0.04129178076982498,0.14034774899482727,0.1416630744934082,0.0368117019534111,0.04129178076982498,DWT_CLSTM_DCCNN,80,0,29,val_loss,db1,4,"[64, 128, 256]",128,0.5,128,192,"[1, 2, 4, 8]",0.5,64,0.001,100,32,15
21,0.03152541071176529,0.04684614762663841,0.13669565320014954,0.15580083429813385,0.03152541071176529,0.04684614762663841,DWT_CLSTM_DCCNN,80,0,29,val_loss,db1,4,"[64, 128, 256]",128,0.5,128,192,"[1, 2, 4, 8]",0.5,64,0.001,100,32,15
22,0.027116410434246063,0.04174570366740227,0.12638545036315918,0.1418466567993164,0.027116410434246063,0.04174570366740227,DWT_CLSTM_DCCNN,80,0,29,val_loss,db1,4,"[64, 128, 256]",128,0.5,128,192,"[1, 2, 4, 8]",0.5,64,0.001,100,32,15
23,0.029063167050480843,0.04276960715651512,0.12608811259269714,0.14181365072727203,0.029063167050480843,0.04276960715651512,DWT_CLSTM_DCCNN,80,0,29,val_loss,db1,4,"[64, 128, 256]",128,0.5,128,192,"[1, 2, 4, 8]",0.5,64,0.001,100,32,15
24,0.021404113620519638,0.0534447617828846,0.11265817284584045,0.17037419974803925,0.021404113620519638,0.0534447617828846,DWT_CLSTM_DCCNN,80,0,29,val_loss,db1,4,"[64, 128, 256]",128,0.5,128,192,"[1, 2, 4, 8]",0.5,64,0.001,100,32,15
25,0.02265840582549572,0.04760950803756714,0.1151130199432373,0.16284523904323578,0.02265840582549572,0.04760950803756714,DWT_CLSTM_DCCNN,80,0,29,val_loss,db1,4,"[64, 128, 256]",128,0.5,128,192,"[1, 2, 4, 8]",0.5,64,0.001,100,32,15
26,0.02147502824664116,0.048896342515945435,0.10922007262706757,0.1654200553894043,0.02147502824664116,0.048896342515945435,DWT_CLSTM_DCCNN,80,0,29,val_loss,db1,4,"[64, 128, 256]",128,0.5,128,192,"[1, 2, 4, 8]",0.5,64,0.001,100,32,15
27,0.025419149547815323,0.07535987347364426,0.12178260087966919,0.21642573177814484,0.025419149547815323,0.07535987347364426,DWT_CLSTM_DCCNN,80,0,29,val_loss,db1,4,"[64, 128, 256]",128,0.5,128,192,"[1, 2, 4, 8]",0.5,64,0.001,100,32,15
28,0.022523183375597,0.06975360214710236,0.11685575544834137,0.21083852648735046,0.022523183375597,0.06975360214710236,DWT_CLSTM_DCCNN,80,0,29,val_loss,db1,4,"[64, 128, 256]",128,0.5,128,192,"[1, 2, 4, 8]",0.5,64,0.001,100,32,15
29,0.027618825435638428,0.060894694179296494,0.13005341589450836,0.19375765323638916,0.027618825435638428,0.060894694179296494,DWT_CLSTM_DCCNN,80,0,29,val_loss,db1,4,"[64, 128, 256]",128,0.5,128,192,"[1, 2, 4, 8]",0.5,64,0.001,100,32,15
1,0.48839274048805237,0.20725838840007782,0.5538170337677002,0.3567880094051361,0.48839274048805237,0.20725838840007782,DWT_CLSTM_DCCNN,80,1,34,val_loss,db1,4,"[64, 128, 256]",128,0.5,128,192,"[1, 2, 4, 8]",0.5,64,0.001,100,32,15
2,0.1724349558353424,0.14229248464107513,0.32064104080200195,0.2825096547603607,0.1724349558353424,0.14229248464107513,DWT_CLSTM_DCCNN,80,1,34,val_loss,db1,4,"[64, 128, 256]",128,0.5,128,192,"[1, 2, 4, 8]",0.5,64,0.001,100,32,15
3,0.1318570226430893,0.14975640177726746,0.28235897421836853,0.2964724898338318,0.1318570226430893,0.14975640177726746,DWT_CLSTM_DCCNN,80,1,34,val_loss,db1,4,"[64, 128, 256]",128,0.5,128,192,"[1, 2, 4, 8]",0.5,64,0.001,100,32,15
4,0.12462232261896133,0.13845917582511902,0.27478158473968506,0.29343536496162415,0.12462232261896133,0.13845917582511902,DWT_CLSTM_DCCNN,80,1,34,val_loss,db1,4,"[64, 128, 256]",128,0.5,128,192,"[1, 2, 4, 8]",0.5,64,0.001,100,32,15
5,0.11233209818601608,0.07995038479566574,0.2572246193885803,0.22205106914043427,0.11233209818601608,0.07995038479566574,DWT_CLSTM_DCCNN,80,1,34,val_loss,db1,4,"[64, 128, 256]",128,0.5,128,192,"[1, 2, 4, 8]",0.5,64,0.001,100,32,15
6,0.09866369515657425,0.04808929190039635,0.2383616864681244,0.1581283062696457,0.09866369515657425,0.04808929190039635,DWT_CLSTM_DCCNN,80,1,34,val_loss,db1,4,"[64, 128, 256]",128,0.5,128,192,"[1, 2, 4, 8]",0.5,64,0.001,100,32,15
7,0.06310005486011505,0.05432051792740822,0.19167037308216095,0.17540089786052704,0.06310005486011505,0.05432051792740822,DWT_CLSTM_DCCNN,80,1,34,val_loss,db1,4,"[64, 128, 256]",128,0.5,128,192,"[1, 2, 4, 8]",0.5,64,0.001,100,32,15
8,0.052439261227846146,0.053245507180690765,0.1765000820159912,0.16941474378108978,0.052439261227846146,0.053245507180690765,DWT_CLSTM_DCCNN,80,1,34,val_loss,db1,4,"[64, 128, 256]",128,0.5,128,192,"[1, 2, 4, 8]",0.5,64,0.001,100,32,15
9,0.05140985548496246,0.07634373754262924,0.17301645874977112,0.21133390069007874,0.05140985548496246,0.07634373754262924,DWT_CLSTM_DCCNN,80,1,34,val_loss,db1,4,"[64, 128, 256]",128,0.5,128,192,"[1, 2, 4, 8]",0.5,64,0.001,100,32,15
10,0.05109753832221031,0.050883565098047256,0.16892404854297638,0.16435135900974274,0.05109753832221031,0.050883565098047256,DWT_CLSTM_DCCNN,80,1,34,val_loss,db1,4,"[64, 128, 256]",128,0.5,128,192,"[1, 2, 4, 8]",0.5,64,0.001,100,32,15
11,0.038360845297575,0.055267203599214554,0.14775921404361725,0.1804182529449463,0.038360845297575,0.055267203599214554,DWT_CLSTM_DCCNN,80,1,34,val_loss,db1,4,"[64, 128, 256]",128,0.5,128,192,"[1, 2, 4, 8]",0.5,64,0.001,100,32,15
12,0.03592277318239212,0.0564727708697319,0.1475927233695984,0.17043347656726837,0.03592277318239212,0.0564727708697319,DWT_CLSTM_DCCNN,80,1,34,val_loss,db1,4,"[64, 128, 256]",128,0.5,128,192,"[1, 2, 4, 8]",0.5,64,0.001,100,32,15
13,0.03581517934799194,0.0521622970700264,0.1457434892654419,0.1587384194135666,0.03581517934799194,0.0521622970700264,DWT_CLSTM_DCCNN,80,1,34,val_loss,db1,4,"[64, 128, 256]",128,0.5,128,192,"[1, 2, 4, 8]",0.5,64,0.001,100,32,15
14,0.04134313017129898,0.045627716928720474,0.1553746610879898,0.15267357230186462,0.04134313017129898,0.045627716928720474,DWT_CLSTM_DCCNN,80,1,34,val_loss,db1,4,"[64, 128, 256]",128,0.5,128,192,"[1, 2, 4, 8]",0.5,64,0.001,100,32,15
15,0.037682387977838516,0.05017789080739021,0.14908038079738617,0.17081226408481598,0.037682387977838516,0.05017789080739021,DWT_CLSTM_DCCNN,80,1,34,val_loss,db1,4,"[64, 128, 256]",128,0.5,128,192,"[1, 2, 4, 8]",0.5,64,0.001,100,32,15
16,0.038750357925891876,0.050581078976392746,0.15023307502269745,0.1747003048658371,0.038750357925891876,0.050581078976392746,DWT_CLSTM_DCCNN,80,1,34,val_loss,db1,4,"[64, 128, 256]",128,0.5,128,192,"[1, 2, 4, 8]",0.5,64,0.001,100,32,15
17,0.03433605283498764,0.050494108349084854,0.13942572474479675,0.17572905123233795,0.03433605283498764,0.050494108349084854,DWT_CLSTM_DCCNN,80,1,34,val_loss,db1,4,"[64, 128, 256]",128,0.5,128,192,"[1, 2, 4, 8]",0.5,64,0.001,100,32,15
18,0.031111814081668854,0.046106547117233276,0.1311125010251999,0.16396403312683105,0.031111814081668854,0.046106547117233276,DWT_CLSTM_DCCNN,80,1,34,val_loss,db1,4,"[64, 128, 256]",128,0.5,128,192,"[1, 2, 4, 8]",0.5,64,0.001,100,32,15
19,0.035341568291187286,0.042340874671936035,0.14203490316867828,0.14185014367103577,0.035341568291187286,0.042340874671936035,DWT_CLSTM_DCCNN,80,1,34,val_loss,db1,4,"[64, 128, 256]",128,0.5,128,192,"[1, 2, 4, 8]",0.5,64,0.001,100,32,15
20,0.02966780588030815,0.06998615711927414,0.131927028298378,0.18066249787807465,0.02966780588030815,0.06998615711927414,DWT_CLSTM_DCCNN,80,1,34,val_loss,db1,4,"[64, 128, 256]",128,0.5,128,192,"[1, 2, 4, 8]",0.5,64,0.001,100,32,15
21,0.03199384734034538,0.09673953056335449,0.13703782856464386,0.22616924345493317,0.03199384734034538,0.09673953056335449,DWT_CLSTM_DCCNN,80,1,34,val_loss,db1,4,"[64, 128, 256]",128,0.5,128,192,"[1, 2, 4, 8]",0.5,64,0.001,100,32,15
22,0.04648284241557121,0.10670433938503265,0.16561253368854523,0.23575212061405182,0.04648284241557121,0.10670433938503265,DWT_CLSTM_DCCNN,80,1,34,val_loss,db1,4,"[64, 128, 256]",128,0.5,128,192,"[1, 2, 4, 8]",0.5,64,0.001,100,32,15
23,0.04669104143977165,0.07351464778184891,0.1609499752521515,0.1894042193889618,0.04669104143977165,0.07351464778184891,DWT_CLSTM_DCCNN,80,1,34,val_loss,db1,4,"[64, 128, 256]",128,0.5,128,192,"[1, 2, 4, 8]",0.5,64,0.001,100,32,15
24,0.04052230343222618,0.0516631044447422,0.14969883859157562,0.15418541431427002,0.04052230343222618,0.0516631044447422,DWT_CLSTM_DCCNN,80,1,34,val_loss,db1,4,"[64, 128, 256]",128,0.5,128,192,"[1, 2, 4, 8]",0.5,64,0.001,100,32,15
25,0.04497550427913666,0.12328854948282242,0.1574341058731079,0.2731144428253174,0.04497550427913666,0.12328854948282242,DWT_CLSTM_DCCNN,80,1,34,val_loss,db1,4,"[64, 128, 256]",128,0.5,128,192,"[1, 2, 4, 8]",0.5,64,0.001,100,32,15
26,0.0639374703168869,0.07460688799619675,0.18837645649909973,0.2005900889635086,0.0639374703168869,0.07460688799619675,DWT_CLSTM_DCCNN,80,1,34,val_loss,db1,4,"[64, 128, 256]",128,0.5,128,192,"[1, 2, 4, 8]",0.5,64,0.001,100,32,15
27,0.049279142171144485,0.055409736931324005,0.17016133666038513,0.1577829122543335,0.049279142171144485,0.055409736931324005,DWT_CLSTM_DCCNN,80,1,34,val_loss,db1,4,"[64, 128, 256]",128,0.5,128,192,"[1, 2, 4, 8]",0.5,64,0.001,100,32,15
28,0.03291000798344612,0.0731760710477829,0.1374683678150177,0.19153717160224915,0.03291000798344612,0.0731760710477829,DWT_CLSTM_DCCNN,80,1,34,val_loss,db1,4,"[64, 128, 256]",128,0.5,128,192,"[1, 2, 4, 8]",0.5,64,0.001,100,32,15
29,0.0359584204852581,0.048579681664705276,0.14168280363082886,0.15450312197208405,0.0359584204852581,0.048579681664705276,DWT_CLSTM_DCCNN,80,1,34,val_loss,db1,4,"[64, 128, 256]",128,0.5,128,192,"[1, 2, 4, 8]",0.5,64,0.001,100,32,15
30,0.02140415832400322,0.05110684409737587,0.10992725193500519,0.16646382212638855,0.02140415832400322,0.05110684409737587,DWT_CLSTM_DCCNN,80,1,34,val_loss,db1,4,"[64, 128, 256]",128,0.5,128,192,"[1, 2, 4, 8]",0.5,64,0.001,100,32,15
31,0.023527270182967186,0.06519763916730881,0.1147899180650711,0.20117412507534027,0.023527270182967186,0.06519763916730881,DWT_CLSTM_DCCNN,80,1,34,val_loss,db1,4,"[64, 128, 256]",128,0.5,128,192,"[1, 2, 4, 8]",0.5,64,0.001,100,32,15
32,0.023654606193304062,0.05116914585232735,0.11612670868635178,0.1688670963048935,0.023654606193304062,0.05116914585232735,DWT_CLSTM_DCCNN,80,1,34,val_loss,db1,4,"[64, 128, 256]",128,0.5,128,192,"[1, 2, 4, 8]",0.5,64,0.001,100,32,15
33,0.020152846351265907,0.05901166424155235,0.1067027673125267,0.17847940325737,0.020152846351265907,0.05901166424155235,DWT_CLSTM_DCCNN,80,1,34,val_loss,db1,4,"[64, 128, 256]",128,0.5,128,192,"[1, 2, 4, 8]",0.5,64,0.001,100,32,15
34,0.02293604612350464,0.06421530991792679,0.11647848039865494,0.18106870353221893,0.02293604612350464,0.06421530991792679,DWT_CLSTM_DCCNN,80,1,34,val_loss,db1,4,"[64, 128, 256]",128,0.5,128,192,"[1, 2, 4, 8]",0.5,64,0.001,100,32,15
1,0.49152615666389465,0.15004532039165497,0.5565304756164551,0.303567111492157,0.49152615666389465,0.15004532039165497,DWT_CLSTM_DCCNN,80,2,41,val_loss,db1,4,"[64, 128, 256]",128,0.5,128,192,"[1, 2, 4, 8]",0.5,64,0.001,100,32,15
2,0.15332260727882385,0.10321475565433502,0.3057650625705719,0.24015775322914124,0.15332260727882385,0.10321475565433502,DWT_CLSTM_DCCNN,80,2,41,val_loss,db1,4,"[64, 128, 256]",128,0.5,128,192,"[1, 2, 4, 8]",0.5,64,0.001,100,32,15
3,0.11068572849035263,0.10253606736660004,0.2600453495979309,0.24308191239833832,0.11068572849035263,0.10253606736660004,DWT_CLSTM_DCCNN,80,2,41,val_loss,db1,4,"[64, 128, 256]",128,0.5,128,192,"[1, 2, 4, 8]",0.5,64,0.001,100,32,15
4,0.08866791427135468,0.10897599905729294,0.22993068397045135,0.25834909081459045,0.08866791427135468,0.10897599905729294,DWT_CLSTM_DCCNN,80,2,41,val_loss,db1,4,"[64, 128, 256]",128,0.5,128,192,"[1, 2, 4, 8]",0.5,64,0.001,100,32,15
5,0.08489444851875305,0.12544845044612885,0.22477923333644867,0.28365272283554077,0.08489444851875305,0.12544845044612885,DWT_CLSTM_DCCNN,80,2,41,val_loss,db1,4,"[64, 128, 256]",128,0.5,128,192,"[1, 2, 4, 8]",0.5,64,0.001,100,32,15
6,0.07890836149454117,0.1075824573636055,0.2174980193376541,0.250628262758255,0.07890836149454117,0.1075824573636055,DWT_CLSTM_DCCNN,80,2,41,val_loss,db1,4,"[64, 128, 256]",128,0.5,128,192,"[1, 2, 4, 8]",0.5,64,0.001,100,32,15
7,0.08097387850284576,0.13278977572917938,0.21934278309345245,0.264638751745224,0.08097387850284576,0.13278977572917938,DWT_CLSTM_DCCNN,80,2,41,val_loss,db1,4,"[64, 128, 256]",128,0.5,128,192,"[1, 2, 4, 8]",0.5,64,0.001,100,32,15
8,0.08347039669752121,0.0591978020966053,0.22304736077785492,0.1717304140329361,0.08347039669752121,0.0591978020966053,DWT_CLSTM_DCCNN,80,2,41,val_loss,db1,4,"[64, 128, 256]",128,0.5,128,192,"[1, 2, 4, 8]",0.5,64,0.001,100,32,15
9,0.06761902570724487,0.05384260043501854,0.196181520819664,0.17892314493656158,0.06761902570724487,0.05384260043501854,DWT_CLSTM_DCCNN,80,2,41,val_loss,db1,4,"[64, 128, 256]",128,0.5,128,192,"[1, 2, 4, 8]",0.5,64,0.001,100,32,15
10,0.07462865114212036,0.08452887833118439,0.20913071930408478,0.21241207420825958,0.07462865114212036,0.08452887833118439,DWT_CLSTM_DCCNN,80,2,41,val_loss,db1,4,"[64, 128, 256]",128,0.5,128,192,"[1, 2, 4, 8]",0.5,64,0.001,100,32,15
11,0.07263470441102982,0.05037558078765869,0.19995194673538208,0.1649908572435379,0.07263470441102982,0.05037558078765869,DWT_CLSTM_DCCNN,80,2,41,val_loss,db1,4,"[64, 128, 256]",128,0.5,128,192,"[1, 2, 4, 8]",0.5,64,0.001,100,32,15
12,0.054081011563539505,0.046338219195604324,0.17559047043323517,0.16146521270275116,0.054081011563539505,0.046338219195604324,DWT_CLSTM_DCCNN,80,2,41,val_loss,db1,4,"[64, 128, 256]",128,0.5,128,192,"[1, 2, 4, 8]",0.5,64,0.001,100,32,15
13,0.03776945173740387,0.0640401840209961,0.1483842432498932,0.18207590281963348,0.03776945173740387,0.0640401840209961,DWT_CLSTM_DCCNN,80,2,41,val_loss,db1,4,"[64, 128, 256]",128,0.5,128,192,"[1, 2, 4, 8]",0.5,64,0.001,100,32,15
14,0.038157377392053604,0.052250903099775314,0.14810150861740112,0.16409961879253387,0.038157377392053604,0.052250903099775314,DWT_CLSTM_DCCNN,80,2,41,val_loss,db1,4,"[64, 128, 256]",128,0.5,128,192,"[1, 2, 4, 8]",0.5,64,0.001,100,32,15
15,0.032765164971351624,0.046972353011369705,0.13699327409267426,0.16497837007045746,0.032765164971351624,0.046972353011369705,DWT_CLSTM_DCCNN,80,2,41,val_loss,db1,4,"[64, 128, 256]",128,0.5,128,192,"[1, 2, 4, 8]",0.5,64,0.001,100,32,15
16,0.029373999685049057,0.048070017248392105,0.13067443668842316,0.16753043234348297,0.029373999685049057,0.048070017248392105,DWT_CLSTM_DCCNN,80,2,41,val_loss,db1,4,"[64, 128, 256]",128,0.5,128,192,"[1, 2, 4, 8]",0.5,64,0.001,100,32,15
17,0.03572537750005722,0.05681023374199867,0.14279848337173462,0.1799895316362381,0.03572537750005722,0.05681023374199867,DWT_CLSTM_DCCNN,80,2,41,val_loss,db1,4,"[64, 128, 256]",128,0.5,128,192,"[1, 2, 4, 8]",0.5,64,0.001,100,32,15
18,0.03605617955327034,0.054428696632385254,0.1410527229309082,0.1821567714214325,0.03605617955327034,0.054428696632385254,DWT_CLSTM_DCCNN,80,2,41,val_loss,db1,4,"[64, 128, 256]",128,0.5,128,192,"[1, 2, 4, 8]",0.5,64,0.001,100,32,15
19,0.027325408533215523,0.06152839586138725,0.1250522881746292,0.18767385184764862,0.027325408533215523,0.06152839586138725,DWT_CLSTM_DCCNN,80,2,41,val_loss,db1,4,"[64, 128, 256]",128,0.5,128,192,"[1, 2, 4, 8]",0.5,64,0.001,100,32,15
20,0.033975403755903244,0.05409244820475578,0.14215144515037537,0.16201035678386688,0.033975403755903244,0.05409244820475578,DWT_CLSTM_DCCNN,80,2,41,val_loss,db1,4,"[64, 128, 256]",128,0.5,128,192,"[1, 2, 4, 8]",0.5,64,0.001,100,32,15
21,0.032527875155210495,0.04448866844177246,0.13969610631465912,0.14124737679958344,0.032527875155210495,0.04448866844177246,DWT_CLSTM_DCCNN,80,2,41,val_loss,db1,4,"[64, 128, 256]",128,0.5,128,192,"[1, 2, 4, 8]",0.5,64,0.001,100,32,15
22,0.029387380927801132,0.047155022621154785,0.13217586278915405,0.1511376053094864,0.029387380927801132,0.047155022621154785,DWT_CLSTM_DCCNN,80,2,41,val_loss,db1,4,"[64, 128, 256]",128,0.5,128,192,"[1, 2, 4, 8]",0.5,64,0.001,100,32,15
23,0.031516723334789276,0.04827723279595375,0.13610351085662842,0.16612307727336884,0.031516723334789276,0.04827723279595375,DWT_CLSTM_DCCNN,80,2,41,val_loss,db1,4,"[64, 128, 256]",128,0.5,128,192,"[1, 2, 4, 8]",0.5,64,0.001,100,32,15
24,0.02910950593650341,0.06208273395895958,0.12898455560207367,0.19819359481334686,0.02910950593650341,0.06208273395895958,DWT_CLSTM_DCCNN,80,2,41,val_loss,db1,4,"[64, 128, 256]",128,0.5,128,192,"[1, 2, 4, 8]",0.5,64,0.001,100,32,15
25,0.03560500219464302,0.05059773474931717,0.1403205394744873,0.17485679686069489,0.03560500219464302,0.05059773474931717,DWT_CLSTM_DCCNN,80,2,41,val_loss,db1,4,"[64, 128, 256]",128,0.5,128,192,"[1, 2, 4, 8]",0.5,64,0.001,100,32,15
26,0.026605281978845596,0.03459475561976433,0.12086042016744614,0.13135726749897003,0.026605281978845596,0.03459475561976433,DWT_CLSTM_DCCNN,80,2,41,val_loss,db1,4,"[64, 128, 256]",128,0.5,128,192,"[1, 2, 4, 8]",0.5,64,0.001,100,32,15
27,0.02544262818992138,0.03634048253297806,0.1204686164855957,0.13286229968070984,0.02544262818992138,0.03634048253297806,DWT_CLSTM_DCCNN,80,2,41,val_loss,db1,4,"[64, 128, 256]",128,0.5,128,192,"[1, 2, 4, 8]",0.5,64,0.001,100,32,15
28,0.027490343898534775,0.06840871274471283,0.12622641026973724,0.19106857478618622,0.027490343898534775,0.06840871274471283,DWT_CLSTM_DCCNN,80,2,41,val_loss,db1,4,"[64, 128, 256]",128,0.5,128,192,"[1, 2, 4, 8]",0.5,64,0.001,100,32,15
29,0.03314482048153877,0.08996912091970444,0.140189528465271,0.2233438491821289,0.03314482048153877,0.08996912091970444,DWT_CLSTM_DCCNN,80,2,41,val_loss,db1,4,"[64, 128, 256]",128,0.5,128,192,"[1, 2, 4, 8]",0.5,64,0.001,100,32,15
30,0.03475591167807579,0.10465802252292633,0.14260320365428925,0.24196065962314606,0.03475591167807579,0.10465802252292633,DWT_CLSTM_DCCNN,80,2,41,val_loss,db1,4,"[64, 128, 256]",128,0.5,128,192,"[1, 2, 4, 8]",0.5,64,0.001,100,32,15
31,0.04600876197218895,0.06194203346967697,0.16350403428077698,0.1666416972875595,0.04600876197218895,0.06194203346967697,DWT_CLSTM_DCCNN,80,2,41,val_loss,db1,4,"[64, 128, 256]",128,0.5,128,192,"[1, 2, 4, 8]",0.5,64,0.001,100,32,15
32,0.0304983239620924,0.04739756137132645,0.12968061864376068,0.149332657456398,0.0304983239620924,0.04739756137132645,DWT_CLSTM_DCCNN,80,2,41,val_loss,db1,4,"[64, 128, 256]",128,0.5,128,192,"[1, 2, 4, 8]",0.5,64,0.001,100,32,15
33,0.03568694740533829,0.08688627183437347,0.13686294853687286,0.21359634399414062,0.03568694740533829,0.08688627183437347,DWT_CLSTM_DCCNN,80,2,41,val_loss,db1,4,"[64, 128, 256]",128,0.5,128,192,"[1, 2, 4, 8]",0.5,64,0.001,100,32,15
34,0.048190467059612274,0.07293994724750519,0.15405799448490143,0.20863540470600128,0.048190467059612274,0.07293994724750519,DWT_CLSTM_DCCNN,80,2,41,val_loss,db1,4,"[64, 128, 256]",128,0.5,128,192,"[1, 2, 4, 8]",0.5,64,0.001,100,32,15
35,0.03466038405895233,0.0776548758149147,0.1410425305366516,0.2015276998281479,0.03466038405895233,0.0776548758149147,DWT_CLSTM_DCCNN,80,2,41,val_loss,db1,4,"[64, 128, 256]",128,0.5,128,192,"[1, 2, 4, 8]",0.5,64,0.001,100,32,15
36,0.02654404751956463,0.08857323974370956,0.12537923455238342,0.2097768485546112,0.02654404751956463,0.08857323974370956,DWT_CLSTM_DCCNN,80,2,41,val_loss,db1,4,"[64, 128, 256]",128,0.5,128,192,"[1, 2, 4, 8]",0.5,64,0.001,100,32,15
37,0.03564592823386192,0.05130746588110924,0.1424272060394287,0.1471061408519745,0.03564592823386192,0.05130746588110924,DWT_CLSTM_DCCNN,80,2,41,val_loss,db1,4,"[64, 128, 256]",128,0.5,128,192,"[1, 2, 4, 8]",0.5,64,0.001,100,32,15
38,0.023567337542772293,0.04723694175481796,0.11662564426660538,0.15697678923606873,0.023567337542772293,0.04723694175481796,DWT_CLSTM_DCCNN,80,2,41,val_loss,db1,4,"[64, 128, 256]",128,0.5,128,192,"[1, 2, 4, 8]",0.5,64,0.001,100,32,15
39,0.02230130322277546,0.04397222399711609,0.1121155321598053,0.1449669897556305,0.02230130322277546,0.04397222399711609,DWT_CLSTM_DCCNN,80,2,41,val_loss,db1,4,"[64, 128, 256]",128,0.5,128,192,"[1, 2, 4, 8]",0.5,64,0.001,100,32,15
40,0.0220725666731596,0.05275881290435791,0.11180423200130463,0.15387238562107086,0.0220725666731596,0.05275881290435791,DWT_CLSTM_DCCNN,80,2,41,val_loss,db1,4,"[64, 128, 256]",128,0.5,128,192,"[1, 2, 4, 8]",0.5,64,0.001,100,32,15
41,0.023060034960508347,0.08686945587396622,0.11362052708864212,0.1930374950170517,0.023060034960508347,0.08686945587396622,DWT_CLSTM_DCCNN,80,2,41,val_loss,db1,4,"[64, 128, 256]",128,0.5,128,192,"[1, 2, 4, 8]",0.5,64,0.001,100,32,15
1,0.4928135275840759,0.17734308540821075,0.5549501180648804,0.3271808326244354,0.4928135275840759,0.17734308540821075,DWT_CLSTM_DCCNN,80,3,25,val_loss,db1,4,"[64, 128, 256]",128,0.5,128,192,"[1, 2, 4, 8]",0.5,64,0.001,100,32,15
2,0.1998489946126938,0.1617744266986847,0.35030505061149597,0.32075077295303345,0.1998489946126938,0.1617744266986847,DWT_CLSTM_DCCNN,80,3,25,val_loss,db1,4,"[64, 128, 256]",128,0.5,128,192,"[1, 2, 4, 8]",0.5,64,0.001,100,32,15
3,0.1354122906923294,0.1926451474428177,0.2823135256767273,0.332264244556427,0.1354122906923294,0.1926451474428177,DWT_CLSTM_DCCNN,80,3,25,val_loss,db1,4,"[64, 128, 256]",128,0.5,128,192,"[1, 2, 4, 8]",0.5,64,0.001,100,32,15
4,0.1406014859676361,0.10321293026208878,0.287341833114624,0.24662229418754578,0.1406014859676361,0.10321293026208878,DWT_CLSTM_DCCNN,80,3,25,val_loss,db1,4,"[64, 128, 256]",128,0.5,128,192,"[1, 2, 4, 8]",0.5,64,0.001,100,32,15
5,0.1047063022851944,0.05697143077850342,0.24608294665813446,0.1843360811471939,0.1047063022851944,0.05697143077850342,DWT_CLSTM_DCCNN,80,3,25,val_loss,db1,4,"[64, 128, 256]",128,0.5,128,192,"[1, 2, 4, 8]",0.5,64,0.001,100,32,15
6,0.08298534899950027,0.05542521923780441,0.21448157727718353,0.17223794758319855,0.08298534899950027,0.05542521923780441,DWT_CLSTM_DCCNN,80,3,25,val_loss,db1,4,"[64, 128, 256]",128,0.5,128,192,"[1, 2, 4, 8]",0.5,64,0.001,100,32,15
7,0.060224197804927826,0.044810593128204346,0.1855948567390442,0.15034164488315582,0.060224197804927826,0.044810593128204346,DWT_CLSTM_DCCNN,80,3,25,val_loss,db1,4,"[64, 128, 256]",128,0.5,128,192,"[1, 2, 4, 8]",0.5,64,0.001,100,32,15
8,0.0454731360077858,0.047003891319036484,0.16076356172561646,0.16546013951301575,0.0454731360077858,0.047003891319036484,DWT_CLSTM_DCCNN,80,3,25,val_loss,db1,4,"[64, 128, 256]",128,0.5,128,192,"[1, 2, 4, 8]",0.5,64,0.001,100,32,15
9,0.044746916741132736,0.037367552518844604,0.15778717398643494,0.14174731075763702,0.044746916741132736,0.037367552518844604,DWT_CLSTM_DCCNN,80,3,25,val_loss,db1,4,"[64, 128, 256]",128,0.5,128,192,"[1, 2, 4, 8]",0.5,64,0.001,100,32,15
10,0.04005967453122139,0.030530039221048355,0.14930786192417145,0.12558165192604065,0.04005967453122139,0.030530039221048355,DWT_CLSTM_DCCNN,80,3,25,val_loss,db1,4,"[64, 128, 256]",128,0.5,128,192,"[1, 2, 4, 8]",0.5,64,0.001,100,32,15
11,0.040561746805906296,0.042084723711013794,0.15248285233974457,0.1506839096546173,0.040561746805906296,0.042084723711013794,DWT_CLSTM_DCCNN,80,3,25,val_loss,db1,4,"[64, 128, 256]",128,0.5,128,192,"[1, 2, 4, 8]",0.5,64,0.001,100,32,15
12,0.04107999801635742,0.04079889878630638,0.1518138349056244,0.14522521197795868,0.04107999801635742,0.04079889878630638,DWT_CLSTM_DCCNN,80,3,25,val_loss,db1,4,"[64, 128, 256]",128,0.5,128,192,"[1, 2, 4, 8]",0.5,64,0.001,100,32,15
13,0.03447922319173813,0.036544911563396454,0.13762930035591125,0.1420641988515854,0.03447922319173813,0.036544911563396454,DWT_CLSTM_DCCNN,80,3,25,val_loss,db1,4,"[64, 128, 256]",128,0.5,128,192,"[1, 2, 4, 8]",0.5,64,0.001,100,32,15
14,0.03548400104045868,0.0382557287812233,0.1418338268995285,0.13728563487529755,0.03548400104045868,0.0382557287812233,DWT_CLSTM_DCCNN,80,3,25,val_loss,db1,4,"[64, 128, 256]",128,0.5,128,192,"[1, 2, 4, 8]",0.5,64,0.001,100,32,15
15,0.03257264941930771,0.05699259787797928,0.13768167793750763,0.16182170808315277,0.03257264941930771,0.05699259787797928,DWT_CLSTM_DCCNN,80,3,25,val_loss,db1,4,"[64, 128, 256]",128,0.5,128,192,"[1, 2, 4, 8]",0.5,64,0.001,100,32,15
16,0.03272909298539162,0.06002781167626381,0.13716493546962738,0.16188247501850128,0.03272909298539162,0.06002781167626381,DWT_CLSTM_DCCNN,80,3,25,val_loss,db1,4,"[64, 128, 256]",128,0.5,128,192,"[1, 2, 4, 8]",0.5,64,0.001,100,32,15
17,0.03401997685432434,0.07936955243349075,0.13955511152744293,0.2055225372314453,0.03401997685432434,0.07936955243349075,DWT_CLSTM_DCCNN,80,3,25,val_loss,db1,4,"[64, 128, 256]",128,0.5,128,192,"[1, 2, 4, 8]",0.5,64,0.001,100,32,15
18,0.044595617800951004,0.08863569796085358,0.15866060554981232,0.207006573677063,0.044595617800951004,0.08863569796085358,DWT_CLSTM_DCCNN,80,3,25,val_loss,db1,4,"[64, 128, 256]",128,0.5,128,192,"[1, 2, 4, 8]",0.5,64,0.001,100,32,15
19,0.05656123533844948,0.06302410364151001,0.18056245148181915,0.17474055290222168,0.05656123533844948,0.06302410364151001,DWT_CLSTM_DCCNN,80,3,25,val_loss,db1,4,"[64, 128, 256]",128,0.5,128,192,"[1, 2, 4, 8]",0.5,64,0.001,100,32,15
20,0.053613197058439255,0.050089139491319656,0.17753194272518158,0.1752612590789795,0.053613197058439255,0.050089139491319656,DWT_CLSTM_DCCNN,80,3,25,val_loss,db1,4,"[64, 128, 256]",128,0.5,128,192,"[1, 2, 4, 8]",0.5,64,0.001,100,32,15
21,0.04860321059823036,0.09909503161907196,0.1661873161792755,0.25350090861320496,0.04860321059823036,0.09909503161907196,DWT_CLSTM_DCCNN,80,3,25,val_loss,db1,4,"[64, 128, 256]",128,0.5,128,192,"[1, 2, 4, 8]",0.5,64,0.001,100,32,15
22,0.06336238980293274,0.05677541717886925,0.1925172656774521,0.1848207712173462,0.06336238980293274,0.05677541717886925,DWT_CLSTM_DCCNN,80,3,25,val_loss,db1,4,"[64, 128, 256]",128,0.5,128,192,"[1, 2, 4, 8]",0.5,64,0.001,100,32,15
23,0.03883415460586548,0.05884537100791931,0.14742906391620636,0.16502201557159424,0.03883415460586548,0.05884537100791931,DWT_CLSTM_DCCNN,80,3,25,val_loss,db1,4,"[64, 128, 256]",128,0.5,128,192,"[1, 2, 4, 8]",0.5,64,0.001,100,32,15
24,0.03451964259147644,0.06565722078084946,0.140201136469841,0.16158472001552582,0.03451964259147644,0.06565722078084946,DWT_CLSTM_DCCNN,80,3,25,val_loss,db1,4,"[64, 128, 256]",128,0.5,128,192,"[1, 2, 4, 8]",0.5,64,0.001,100,32,15
25,0.02982020378112793,0.04132561758160591,0.1295125037431717,0.13716356456279755,0.02982020378112793,0.04132561758160591,DWT_CLSTM_DCCNN,80,3,25,val_loss,db1,4,"[64, 128, 256]",128,0.5,128,192,"[1, 2, 4, 8]",0.5,64,0.001,100,32,15
1,0.4754779040813446,0.17403709888458252,0.5239747166633606,0.3289777338504791,0.4754779040813446,0.17403709888458252,DWT_CLSTM_DCCNN,80,4,51,val_loss,db1,4,"[64, 128, 256]",128,0.5,128,192,"[1, 2, 4, 8]",0.5,64,0.001,100,32,15
2,0.15618668496608734,0.11915414035320282,0.3043796718120575,0.27628499269485474,0.15618668496608734,0.11915414035320282,DWT_CLSTM_DCCNN,80,4,51,val_loss,db1,4,"[64, 128, 256]",128,0.5,128,192,"[1, 2, 4, 8]",0.5,64,0.001,100,32,15
3,0.11306039243936539,0.10504303872585297,0.2600942552089691,0.2533659338951111,0.11306039243936539,0.10504303872585297,DWT_CLSTM_DCCNN,80,4,51,val_loss,db1,4,"[64, 128, 256]",128,0.5,128,192,"[1, 2, 4, 8]",0.5,64,0.001,100,32,15
4,0.09811390191316605,0.06952035427093506,0.2428811639547348,0.2015431672334671,0.09811390191316605,0.06952035427093506,DWT_CLSTM_DCCNN,80,4,51,val_loss,db1,4,"[64, 128, 256]",128,0.5,128,192,"[1, 2, 4, 8]",0.5,64,0.001,100,32,15
5,0.09125279635190964,0.07715410739183426,0.2314167022705078,0.2124585211277008,0.09125279635190964,0.07715410739183426,DWT_CLSTM_DCCNN,80,4,51,val_loss,db1,4,"[64, 128, 256]",128,0.5,128,192,"[1, 2, 4, 8]",0.5,64,0.001,100,32,15
6,0.07491836696863174,0.07728006690740585,0.21214614808559418,0.2148503065109253,0.07491836696863174,0.07728006690740585,DWT_CLSTM_DCCNN,80,4,51,val_loss,db1,4,"[64, 128, 256]",128,0.5,128,192,"[1, 2, 4, 8]",0.5,64,0.001,100,32,15
7,0.06986845284700394,0.059950437396764755,0.19830858707427979,0.1836443543434143,0.06986845284700394,0.059950437396764755,DWT_CLSTM_DCCNN,80,4,51,val_loss,db1,4,"[64, 128, 256]",128,0.5,128,192,"[1, 2, 4, 8]",0.5,64,0.001,100,32,15
8,0.052015867084264755,0.05149291828274727,0.17082466185092926,0.1658283770084381,0.052015867084264755,0.05149291828274727,DWT_CLSTM_DCCNN,80,4,51,val_loss,db1,4,"[64, 128, 256]",128,0.5,128,192,"[1, 2, 4, 8]",0.5,64,0.001,100,32,15
9,0.04920779913663864,0.047979775816202164,0.16606177389621735,0.15559718012809753,0.04920779913663864,0.047979775816202164,DWT_CLSTM_DCCNN,80,4,51,val_loss,db1,4,"[64, 128, 256]",128,0.5,128,192,"[1, 2, 4, 8]",0.5,64,0.001,100,32,15
10,0.0415235236287117,0.05525042116641998,0.15241016447544098,0.17352190613746643,0.0415235236287117,0.05525042116641998,DWT_CLSTM_DCCNN,80,4,51,val_loss,db1,4,"[64, 128, 256]",128,0.5,128,192,"[1, 2, 4, 8]",0.5,64,0.001,100,32,15
11,0.05182092264294624,0.0463399700820446,0.1698179543018341,0.15547910332679749,0.05182092264294624,0.0463399700820446,DWT_CLSTM_DCCNN,80,4,51,val_loss,db1,4,"[64, 128, 256]",128,0.5,128,192,"[1, 2, 4, 8]",0.5,64,0.001,100,32,15
12,0.04051023721694946,0.04524262249469757,0.15266308188438416,0.1609124392271042,0.04051023721694946,0.04524262249469757,DWT_CLSTM_DCCNN,80,4,51,val_loss,db1,4,"[64, 128, 256]",128,0.5,128,192,"[1, 2, 4, 8]",0.5,64,0.001,100,32,15
13,0.03914273530244827,0.048107270151376724,0.14829395711421967,0.15879766643047333,0.03914273530244827,0.048107270151376724,DWT_CLSTM_DCCNN,80,4,51,val_loss,db1,4,"[64, 128, 256]",128,0.5,128,192,"[1, 2, 4, 8]",0.5,64,0.001,100,32,15
14,0.036414120346307755,0.05416012927889824,0.14448492228984833,0.17760425806045532,0.036414120346307755,0.05416012927889824,DWT_CLSTM_DCCNN,80,4,51,val_loss,db1,4,"[64, 128, 256]",128,0.5,128,192,"[1, 2, 4, 8]",0.5,64,0.001,100,32,15
15,0.037782084196805954,0.05295220762491226,0.14594587683677673,0.16694006323814392,0.037782084196805954,0.05295220762491226,DWT_CLSTM_DCCNN,80,4,51,val_loss,db1,4,"[64, 128, 256]",128,0.5,128,192,"[1, 2, 4, 8]",0.5,64,0.001,100,32,15
16,0.03525814041495323,0.07403570413589478,0.14069104194641113,0.2068433165550232,0.03525814041495323,0.07403570413589478,DWT_CLSTM_DCCNN,80,4,51,val_loss,db1,4,"[64, 128, 256]",128,0.5,128,192,"[1, 2, 4, 8]",0.5,64,0.001,100,32,15
17,0.053701452910900116,0.057902488857507706,0.17559914290905,0.1762610226869583,0.053701452910900116,0.057902488857507706,DWT_CLSTM_DCCNN,80,4,51,val_loss,db1,4,"[64, 128, 256]",128,0.5,128,192,"[1, 2, 4, 8]",0.5,64,0.001,100,32,15
18,0.05313662067055702,0.060004882514476776,0.1760704070329666,0.19016557931900024,0.05313662067055702,0.060004882514476776,DWT_CLSTM_DCCNN,80,4,51,val_loss,db1,4,"[64, 128, 256]",128,0.5,128,192,"[1, 2, 4, 8]",0.5,64,0.001,100,32,15
19,0.0476340726017952,0.053716473281383514,0.16517570614814758,0.18039780855178833,0.0476340726017952,0.053716473281383514,DWT_CLSTM_DCCNN,80,4,51,val_loss,db1,4,"[64, 128, 256]",128,0.5,128,192,"[1, 2, 4, 8]",0.5,64,0.001,100,32,15
20,0.04578734561800957,0.050376325845718384,0.16453206539154053,0.16773860156536102,0.04578734561800957,0.050376325845718384,DWT_CLSTM_DCCNN,80,4,51,val_loss,db1,4,"[64, 128, 256]",128,0.5,128,192,"[1, 2, 4, 8]",0.5,64,0.001,100,32,15
21,0.041026510298252106,0.06511782109737396,0.15391805768013,0.19847792387008667,0.041026510298252106,0.06511782109737396,DWT_CLSTM_DCCNN,80,4,51,val_loss,db1,4,"[64, 128, 256]",128,0.5,128,192,"[1, 2, 4, 8]",0.5,64,0.001,100,32,15
22,0.04063180461525917,0.06261501461267471,0.15487292408943176,0.19730405509471893,0.04063180461525917,0.06261501461267471,DWT_CLSTM_DCCNN,80,4,51,val_loss,db1,4,"[64, 128, 256]",128,0.5,128,192,"[1, 2, 4, 8]",0.5,64,0.001,100,32,15
23,0.03784046694636345,0.0380064956843853,0.14258837699890137,0.1458030790090561,0.03784046694636345,0.0380064956843853,DWT_CLSTM_DCCNN,80,4,51,val_loss,db1,4,"[64, 128, 256]",128,0.5,128,192,"[1, 2, 4, 8]",0.5,64,0.001,100,32,15
24,0.03129403665661812,0.04029710218310356,0.12776106595993042,0.14307577908039093,0.03129403665661812,0.04029710218310356,DWT_CLSTM_DCCNN,80,4,51,val_loss,db1,4,"[64, 128, 256]",128,0.5,128,192,"[1, 2, 4, 8]",0.5,64,0.001,100,32,15
25,0.029670627787709236,0.051409654319286346,0.12948378920555115,0.1603550910949707,0.029670627787709236,0.051409654319286346,DWT_CLSTM_DCCNN,80,4,51,val_loss,db1,4,"[64, 128, 256]",128,0.5,128,192,"[1, 2, 4, 8]",0.5,64,0.001,100,32,15
26,0.028672408312559128,0.05134226381778717,0.12491745501756668,0.16275852918624878,0.028672408312559128,0.05134226381778717,DWT_CLSTM_DCCNN,80,4,51,val_loss,db1,4,"[64, 128, 256]",128,0.5,128,192,"[1, 2, 4, 8]",0.5,64,0.001,100,32,15
27,0.02998046949505806,0.050743550062179565,0.1278199851512909,0.1655004322528839,0.02998046949505806,0.050743550062179565,DWT_CLSTM_DCCNN,80,4,51,val_loss,db1,4,"[64, 128, 256]",128,0.5,128,192,"[1, 2, 4, 8]",0.5,64,0.001,100,32,15
28,0.039615485817193985,0.04000680521130562,0.15164592862129211,0.1490326225757599,0.039615485817193985,0.04000680521130562,DWT_CLSTM_DCCNN,80,4,51,val_loss,db1,4,"[64, 128, 256]",128,0.5,128,192,"[1, 2, 4, 8]",0.5,64,0.001,100,32,15
29,0.03972270339727402,0.04956027865409851,0.151774063706398,0.18076513707637787,0.03972270339727402,0.04956027865409851,DWT_CLSTM_DCCNN,80,4,51,val_loss,db1,4,"[64, 128, 256]",128,0.5,128,192,"[1, 2, 4, 8]",0.5,64,0.001,100,32,15
30,0.040805645287036896,0.04066159948706627,0.15104474127292633,0.15135152637958527,0.040805645287036896,0.04066159948706627,DWT_CLSTM_DCCNN,80,4,51,val_loss,db1,4,"[64, 128, 256]",128,0.5,128,192,"[1, 2, 4, 8]",0.5,64,0.001,100,32,15
31,0.04439619556069374,0.05020918324589729,0.15822665393352509,0.1714477241039276,0.04439619556069374,0.05020918324589729,DWT_CLSTM_DCCNN,80,4,51,val_loss,db1,4,"[64, 128, 256]",128,0.5,128,192,"[1, 2, 4, 8]",0.5,64,0.001,100,32,15
32,0.029550975188612938,0.05329221859574318,0.130141019821167,0.1765698939561844,0.029550975188612938,0.05329221859574318,DWT_CLSTM_DCCNN,80,4,51,val_loss,db1,4,"[64, 128, 256]",128,0.5,128,192,"[1, 2, 4, 8]",0.5,64,0.001,100,32,15
33,0.027036547660827637,0.05595236271619797,0.12469001859426498,0.17588692903518677,0.027036547660827637,0.05595236271619797,DWT_CLSTM_DCCNN,80,4,51,val_loss,db1,4,"[64, 128, 256]",128,0.5,128,192,"[1, 2, 4, 8]",0.5,64,0.001,100,32,15
34,0.02737642638385296,0.04328867793083191,0.12342485040426254,0.14448176324367523,0.02737642638385296,0.04328867793083191,DWT_CLSTM_DCCNN,80,4,51,val_loss,db1,4,"[64, 128, 256]",128,0.5,128,192,"[1, 2, 4, 8]",0.5,64,0.001,100,32,15
35,0.02828233130276203,0.038708675652742386,0.1252056211233139,0.14861121773719788,0.02828233130276203,0.038708675652742386,DWT_CLSTM_DCCNN,80,4,51,val_loss,db1,4,"[64, 128, 256]",128,0.5,128,192,"[1, 2, 4, 8]",0.5,64,0.001,100,32,15
36,0.024410678073763847,0.036390271037817,0.1192629486322403,0.14161071181297302,0.024410678073763847,0.036390271037817,DWT_CLSTM_DCCNN,80,4,51,val_loss,db1,4,"[64, 128, 256]",128,0.5,128,192,"[1, 2, 4, 8]",0.5,64,0.001,100,32,15
37,0.02671683393418789,0.04433168098330498,0.12279590219259262,0.1603742092847824,0.02671683393418789,0.04433168098330498,DWT_CLSTM_DCCNN,80,4,51,val_loss,db1,4,"[64, 128, 256]",128,0.5,128,192,"[1, 2, 4, 8]",0.5,64,0.001,100,32,15
38,0.02521371841430664,0.056954093277454376,0.11778531968593597,0.18122418224811554,0.02521371841430664,0.056954093277454376,DWT_CLSTM_DCCNN,80,4,51,val_loss,db1,4,"[64, 128, 256]",128,0.5,128,192,"[1, 2, 4, 8]",0.5,64,0.001,100,32,15
39,0.021737543866038322,0.049157775938510895,0.11192117631435394,0.15974031388759613,0.021737543866038322,0.049157775938510895,DWT_CLSTM_DCCNN,80,4,51,val_loss,db1,4,"[64, 128, 256]",128,0.5,128,192,"[1, 2, 4, 8]",0.5,64,0.001,100,32,15
40,0.029311910271644592,0.040043823421001434,0.1284010112285614,0.14098583161830902,0.029311910271644592,0.040043823421001434,DWT_CLSTM_DCCNN,80,4,51,val_loss,db1,4,"[64, 128, 256]",128,0.5,128,192,"[1, 2, 4, 8]",0.5,64,0.001,100,32,15
41,0.028644366189837456,0.050150658935308456,0.12941575050354004,0.1699352115392685,0.028644366189837456,0.050150658935308456,DWT_CLSTM_DCCNN,80,4,51,val_loss,db1,4,"[64, 128, 256]",128,0.5,128,192,"[1, 2, 4, 8]",0.5,64,0.001,100,32,15
42,0.026232857257127762,0.03803889825940132,0.11955584585666656,0.14405786991119385,0.026232857257127762,0.03803889825940132,DWT_CLSTM_DCCNN,80,4,51,val_loss,db1,4,"[64, 128, 256]",128,0.5,128,192,"[1, 2, 4, 8]",0.5,64,0.001,100,32,15
43,0.03287159651517868,0.046527888625860214,0.13691140711307526,0.1677686870098114,0.03287159651517868,0.046527888625860214,DWT_CLSTM_DCCNN,80,4,51,val_loss,db1,4,"[64, 128, 256]",128,0.5,128,192,"[1, 2, 4, 8]",0.5,64,0.001,100,32,15
44,0.02386425994336605,0.04892294481396675,0.11707395315170288,0.16994820535182953,0.02386425994336605,0.04892294481396675,DWT_CLSTM_DCCNN,80,4,51,val_loss,db1,4,"[64, 128, 256]",128,0.5,128,192,"[1, 2, 4, 8]",0.5,64,0.001,100,32,15
45,0.01916460692882538,0.04557163268327713,0.10097332298755646,0.15009932219982147,0.01916460692882538,0.04557163268327713,DWT_CLSTM_DCCNN,80,4,51,val_loss,db1,4,"[64, 128, 256]",128,0.5,128,192,"[1, 2, 4, 8]",0.5,64,0.001,100,32,15
46,0.023636961355805397,0.039160121232271194,0.11502883583307266,0.14377616345882416,0.023636961355805397,0.039160121232271194,DWT_CLSTM_DCCNN,80,4,51,val_loss,db1,4,"[64, 128, 256]",128,0.5,128,192,"[1, 2, 4, 8]",0.5,64,0.001,100,32,15
47,0.023801762610673904,0.04382728412747383,0.11533330380916595,0.15778811275959015,0.023801762610673904,0.04382728412747383,DWT_CLSTM_DCCNN,80,4,51,val_loss,db1,4,"[64, 128, 256]",128,0.5,128,192,"[1, 2, 4, 8]",0.5,64,0.001,100,32,15
48,0.019941898062825203,0.03716639429330826,0.10569100081920624,0.14047494530677795,0.019941898062825203,0.03716639429330826,DWT_CLSTM_DCCNN,80,4,51,val_loss,db1,4,"[64, 128, 256]",128,0.5,128,192,"[1, 2, 4, 8]",0.5,64,0.001,100,32,15
49,0.02253630757331848,0.03927634656429291,0.11232475936412811,0.14926552772521973,0.02253630757331848,0.03927634656429291,DWT_CLSTM_DCCNN,80,4,51,val_loss,db1,4,"[64, 128, 256]",128,0.5,128,192,"[1, 2, 4, 8]",0.5,64,0.001,100,32,15
50,0.023861143738031387,0.05613962560892105,0.11648811399936676,0.18443626165390015,0.023861143738031387,0.05613962560892105,DWT_CLSTM_DCCNN,80,4,51,val_loss,db1,4,"[64, 128, 256]",128,0.5,128,192,"[1, 2, 4, 8]",0.5,64,0.001,100,32,15
51,0.018009651452302933,0.04073221608996391,0.10085432231426239,0.14582420885562897,0.018009651452302933,0.04073221608996391,DWT_CLSTM_DCCNN,80,4,51,val_loss,db1,4,"[64, 128, 256]",128,0.5,128,192,"[1, 2, 4, 8]",0.5,64,0.001,100,32,15
