Fecha,SVR,Random Forest,KNN,XGBoost,Árbol de Decisión,Ridge,Lasso,CNN,RNN,XARIMA/ARIMA,LSTM,MLP
2024-11-10,0.8261951159935279,1.0642666666667537,1.9299205648367206,1.6991600000000062,0.03571428571433444,2.4510872903458676,2.4551442395257936,0.3831000000000131,4.767299651442727,5.844418997115554,3.4279999999999973,8.365749744858249
2024-11-11,0.07320018521318161,1.3528702380953064,0.37958963663379564,1.8561999999999443,0.828125,1.6664555285940423,1.6642629223288168,0.47249999999996817,3.972801085415199,5.35803043387034,3.0691000000000486,8.36707118643892
2024-11-12,1.9014440960294223,2.16418571428585,2.4367470279854615,2.1015599999999495,2.5625,3.4185939399435483,3.418257565894237,1.2750999999999522,5.388327346489405,6.447269635439966,3.99879999999996,9.38224048122072
2024-11-13,2.467042953782652,3.2218749999999545,1.6311187876412987,2.253900000000044,4.7999999999999545,0.6182777384462952,0.6176990296661415,3.003659999999968,0.8800871441295612,2.8110912397514767,0.3747600000000375,6.047689972685816
2024-11-14,2.8225756701040154,2.8623833333334687,2.677012386397905,3.6393399999999474,0.7265625,3.879182197244404,3.875254045468182,1.863650000000007,5.589908527442844,5.747413143524227,4.4577600000000075,8.616459824117328
2024-11-15,3.255031350373315,3.190174999999954,2.6464248400520773,3.304899999999975,3.0625,4.960026936063969,4.963212099309544,2.5517999999999574,5.866248974458699,7.454382045228954,6.105699999999956,10.458637055332588
2024-11-16,0.07379587291325151,0.4460000000000264,0.5211327004841451,2.6077000000000226,0.7999999999999545,2.192798960003529,2.1929293877561804,0.4693600000000515,2.6211230886145813,6.026571956887437,5.67303000000004,9.702328872833164
2024-11-17,0.5193321567837756,1.2561249999999973,0.6232533970310214,0.4342699999999695,0.4874999999999545,1.49449446750657,1.4924746977816312,1.2509999999999764,1.6886100443557552,4.690994299473232,5.419740000000047,8.301822038998012
2024-11-18,2.7189872101225774,2.688416666666626,3.902415148607929,1.5854000000000497,1.125,1.021436239316131,1.0227935230134335,3.6659499999999525,1.1170150131174523,1.215093712909379,2.4183000000000447,4.5005729114652695
2024-11-19,0.012253051416792005,0.4156583333333401,0.6791170408952212,0.8161999999999807,0.22916666666662877,0.8493506409073461,0.8459942353538281,1.3877999999999702,0.9446843168907435,1.306266887459742,3.1927500000000464,3.9030825337071064
2024-11-20,0.9562331106974398,2.2862104543999067,0.3791139695365473,0.8768000000000029,1.7916666666666288,1.721053805847987,1.7215503935673269,0.5021000000000413,1.5421134418267002,1.6819243007408886,3.1938499999999976,3.8448901252786527
2024-11-21,3.0861012247145254,2.794611826952405,2.0395664655439987,3.800899999999956,0.4500000000000455,3.945269436619583,3.945066351207174,1.6346999999999525,3.5430888542815637,4.236004055140029,5.499500000000012,6.360205616042094
2024-11-22,5.677463491148046,4.536624999999958,4.28835128607966,6.277299999999968,6.427083333333371,7.132356374685514,7.134239601925401,4.440399999999954,6.148391189525455,8.598957269394077,8.96465999999998,10.995533200962427
2024-11-23,1.4043699355104309,0.17992380952375697,3.0475444649631527,1.633100000000013,0.2152777777778283,1.17469893371549,1.1775053193725853,1.2717000000000098,0.7179583747855531,4.981412842381133,4.368839999999977,8.231189752229625
2024-11-24,0.19621352323838437,1.1496000000000777,1.5944469111248054,1.1298000000000457,0.25,1.7297028143622128,1.7249421905929694,1.3822999999999865,0.03775328760366392,4.40997260628933,5.067900000000009,7.45382101116877
2024-11-25,1.8224969286163741,0.7364999999999782,0.7919700157597163,2.324299999999994,0.8958333333333712,3.481200655545422,3.481197155425207,0.42639999999994416,1.3074684321325094,5.079412862135996,5.99369999999999,7.570431653330957
2024-11-26,2.1078635197027324,1.3253000000000839,2.320289105859615,4.210699999999974,2.5803571428571104,3.9495389402227374,3.9494694493284896,0.7165999999999713,1.3466310654125664,5.90090882263064,7.2473999999999705,8.427379045068278
2024-11-27,0.11914759780324857,0.9137083333332612,0.8931240338824864,4.345699999999965,2.203125,2.1823631719859122,2.1823941373272646,0.8904400000000123,0.8426925112585195,4.538601891690746,6.268800000000056,7.1362767198056645
2024-11-28,0.377097151939779,0.3634750000001077,0.11922436333873065,2.066400000000044,0.6499999999999773,1.4327860758305633,1.4307996180652935,1.9388400000000274,1.7319914427439471,3.22445125878653,5.522500000000036,5.566284250199828
2024-11-29,1.8742488724539044,1.9214166666665733,2.4639570495817225,1.8741999999999734,3.0078125,3.343624818548278,3.3422530542771938,0.09360000000003765,0.05717112992260809,4.245045980166765,6.731499999999983,8.677991395677282
2024-11-30,0.7703495988936311,1.1407833333332746,0.11130798585315915,2.3168299999999817,2.5249999999999773,2.4178784629233405,2.418494856201505,1.0158999999999878,1.2130614788090952,3.6078448564484233,5.657600000000002,9.427819034768959
2024-12-01,0.6650270726951248,0.27409642857139715,0.43331428660269466,2.437000000000012,1.0750000000000455,0.901601428818708,0.9002017761824845,2.5392000000000507,2.883637150702498,1.984200212948167,4.037799999999947,7.43128784038629
2024-12-02,0.043814721127432676,0.4137916666666115,0.37884889254610243,0.7975999999999885,0.25,1.2271908010907282,1.2254625052758001,2.0419299999999794,2.42525394410643,1.3994729574935718,3.5258999999999787,6.1238295136450915
2024-12-03,1.934937343837987,1.3313738095237113,1.967245159017466,1.050230000000056,1.2847222222221717,0.9503505548379962,0.9509703465707844,4.154999999999973,4.624360787484534,1.2634039226203413,0.65300000000002,2.835191431269891
2024-12-04,0.16304062338906533,0.390785714285812,0.14813805599374064,0.727800000000002,0.0625,0.23170923197051252,0.2290357830920584,2.6304300000000467,3.265645855035018,1.2972327261148848,0.9737999999999829,2.2251882938335257
2024-12-05,0.6143199770464207,0.12752460317460645,0.3249999999999318,1.0190400000000182,0.4453125,0.8323670411206194,0.8327202441860209,1.9652999999999565,2.7059228957743926,1.079417108715461,0.7771999999999935,2.0825565752260218
2024-12-06,1.6655445802007307,1.6078416666666726,1.591673210472095,1.0111699999999928,0.5089285714285552,1.4343142961810145,1.4344451300408991,4.24860000000001,5.028593860090723,3.074336507256021,1.4753399999999601,0.11677576858880911
2024-12-07,0.09868668849719597,0.7694916666666813,0.7108446957298611,1.1361699999999928,1.0208333333333712,0.13261855563632707,0.13455319017066358,2.655939999999987,3.506328315862106,2.5968164755261114,0.7495999999999867,0.0913051868031971
2024-12-08,0.6575010696667505,1.9806039682537175,1.3489053050283246,0.14184999999997672,2.4583333333333712,0.9578307353424407,0.9569668984404416,3.4627699999999777,4.408576824959027,3.4493347385939614,2.056100000000015,1.3104921657087516
2024-12-09,0.37821431329689403,0.6928952380951614,0.21278394754142482,0.22130000000004202,0.3402777777778283,0.886739730170234,0.8877239025256358,3.243349999999964,4.125014408103539,3.5120143258153576,2.050100000000043,1.735937892220477
2024-12-10,0.18155100785020295,1.555923809523506,1.0263490648746938,2.415499999999952,2.375,0.4715765852056393,0.47130240642684385,2.741999999999962,3.683869460931305,3.213371293829937,1.9779999999999518,1.8281325408884186
2024-12-11,0.2901142263216343,1.5616916666666611,3.024791387453547,0.3867999999999938,2.0,0.9551974856717607,0.9548628692489274,3.2068500000000313,4.153776009602666,3.433076677782992,2.405399999999986,2.3382773498464076
2024-12-12,0.612890628197647,0.47230000000024575,0.662499999999909,0.22680000000002565,1.4910714285714448,1.3893561027941814,1.38946509926609,3.556640000000016,4.502194000116901,3.840271998403864,2.870400000000018,3.0590834269104334
2024-12-13,2.1406783029202643,2.2900452380952174,3.6829737597412304,2.732240000000047,2.5249999999999773,3.092627671417972,3.09273499470396,5.138000000000034,6.07379655811792,5.689524663194334,4.745700000000056,5.264000140171447
2024-12-14,2.767954792388764,3.547891666666601,3.100034155242156,2.5533000000000357,2.819444444444457,4.213465548868726,4.214778405780407,5.931100000000015,6.901418925131793,7.610474631669604,6.343299999999999,7.722283976258268
2024-12-15,1.26868510016061,3.1641250000000127,1.6334862323255948,0.9477500000000418,3.1597222222221717,3.3224757007690187,3.3233905697384216,4.648599999999988,5.536788606323398,7.76153989675106,6.281560000000013,8.581053721852982
2024-12-16,1.804892092472187,1.2135920871334065,2.635662468193118,1.4388000000000147,3.4652777777778283,4.105632499670946,4.104905450870092,5.252560000000017,6.084782705152975,8.710517001050562,7.538400000000024,10.016001331824668
2024-12-17,1.1097067478776808,1.2743916666665882,1.0675800219049734,0.16314999999997326,0.7604166666666288,3.7622955312087925,3.762604063193862,4.642699999999991,5.3055293470708875,8.608097800858673,7.748169999999959,10.050538158667678
2024-12-18,1.013248257709506,2.6209583333333057,0.8986851933974549,2.036799999999971,8.75,3.8398705399160917,3.838867657043579,4.56230000000005,5.022974086681188,8.647886975226356,8.698549999999955,13.791102048994162
2024-12-19,1.801640593541265,2.5998749999999973,2.2748190703487126,2.2552500000000464,4.962499999999977,4.7667673107104065,4.766154977009364,5.3332000000000335,5.425108499857288,9.380341149381593,10.305200000000013,15.702002560824894
2024-12-20,3.0178339540042316,2.094624999999951,2.2470545181167836,3.4344999999999573,4.277777777777828,6.288314749662277,6.288151729590936,6.595640000000003,6.3311215554280125,11.10563090294113,12.42664000000002,17.714470183940534
2024-12-21,2.0802701583080534,1.4788750000000164,2.2825723261042867,0.8879399999999578,2.5972222222221717,5.910387147491747,5.910883610882934,5.800700000000006,5.1169654322540055,11.466900820948808,12.230300000000057,18.55679605444766
2024-12-22,0.6200974518941393,1.5717083332000357,0.37146682446757495,1.889159999999947,3.0375000000000227,4.724122300518729,4.723079805127213,4.340900000000033,3.1751724278913116,10.52286784415628,11.20799999999997,17.959237529762618
2024-12-23,0.6223544520187261,0.6637016647999872,2.8763879549309195,1.7541499999999814,4.025495622222138,3.36816637291804,3.366261533301781,2.9062999999999874,1.1451140918551346,8.555699837154066,10.604060000000004,15.95892499553554
2024-12-24,0.7859524197104975,0.1442500000000564,0.5309788995950839,0.9750400000000354,1.4196428571428896,2.7773968303986294,2.7747962052128514,2.406600000000026,0.07628056002488393,6.764339500442702,10.655639999999948,13.809943264654294
2024-12-25,1.6048913722986526,2.1195574783999973,0.20559403350239336,2.76400000000001,2.625,1.511181620765683,1.5089809800253988,1.2532300000000305,1.6016682771341948,4.285989703364521,9.060240000000022,10.826236946574568
2024-12-26,3.5859759042498354,2.193645390399979,1.814732278336237,4.866759999999999,0.2097440600000482,1.1041580948519822,1.1069834608173323,1.1293299999999817,4.389589529489513,0.2513322795472277,5.082639999999969,6.113082401953648
2024-12-27,4.859053635283999,2.886324805866707,3.7815582424049126,3.9080999999999904,3.0178571428571104,3.4373151782963305,3.44121532372651,2.961599999999976,6.546772253764175,4.283028617326863,0.7477000000000089,0.4777196863738027
2024-12-28,3.95361366295856,3.396166666666545,3.102303277941246,4.35895000000005,4.875,3.7823043079622494,3.7861118494532775,2.646060000000034,6.4904213886647995,7.206272226308215,1.6255499999999756,3.8848286579992646
2024-12-29,0.1590381600553883,0.13789404761894275,1.987638313674438,1.8419000000000096,1.3046875,0.8965187625524322,0.8985944889057009,0.7622000000000071,3.264661497621205,6.116503687029308,0.18195000000002892,4.125169951986777
2024-12-30,3.2933609391388927,4.031214285714327,4.293115533221908,1.9758000000000493,4.133928571428555,2.62765787364674,2.628959226807524,4.2871000000000095,0.21260918816903995,2.2535297635701,3.0738999999999805,0.8623001758727469
2024-12-31,1.6175979187852363,2.9701845238095075,1.9502545631506791,0.7046500000000151,5.0125000000000455,1.4409337369554578,1.4379965243853121,0.2320999999999458,4.208117440909177,4.155686143217395,0.007399999999961437,2.5214807505560657
2025-01-01,5.870366097736337,2.910555952380946,2.017151125472992,7.3443600000000515,3.1354166666666288,6.167679139754455,6.170403154119867,4.7153299999999945,8.511043963484894,9.073912644817938,4.3858000000000175,7.798360487744276
2025-01-02,0.9884271962042703,0.9176666666664914,1.3149575734928476,0.23850000000004457,1.8125,2.638811665012099,2.6426214080778436,0.40430000000003474,4.2299421849807,8.114398248652947,2.681100000000015,8.243578125882209
2025-01-03,3.152782893661197,4.399650000000065,4.496469800540126,3.788699999999949,4.3359375,1.493288772992173,1.4953122764728732,3.8138000000000147,0.023190626768609945,4.064923267031418,0.25679999999999836,4.900315082615293
2025-01-04,0.6139211163033451,0.2328023809525348,0.08285480777465182,0.15390000000002146,1.1499999999999773,0.14934341236164528,0.1460091976559852,1.7259500000000116,1.832222923436916,3.3713263247392433,0.2518999999999778,3.8036398949492423
2025-01-05,0.6758451238026737,0.6079464285713811,0.3341939813827821,1.9065600000000131,0.125,1.2598268409661841,1.2599586565125946,0.5361299999999574,2.753008966603602,3.481091451417683,0.7019000000000233,3.7380491327809295
2025-01-06,1.1494996048237454,1.324416666666707,1.7662226564409593,0.9104999999999563,1.1527777777778283,0.47913622447936177,0.47915656575310095,2.3490000000000464,0.8540553158802595,1.7521358569254062,0.6011999999999489,2.221527815181844
2025-01-07,1.7422213649130072,1.7191249999999627,1.1975492623902255,1.1629599999999982,5.276785714285666,2.045737649518969,2.044090742157209,0.35350000000005366,3.4958368947169447,3.439093459261585,1.675799999999981,3.7937195143038025
2025-01-08,2.1912058770016074,0.41315833333317187,0.7359807997486314,2.7409000000000106,0.359375,2.8890021799663828,2.890853752343446,0.9635600000000295,3.936068360618947,4.712045903700641,2.974199999999996,5.278853815156708
2025-01-09,0.0020910817229378154,1.5409833333333154,0.9869025871971644,0.8157999999999674,2.0277777777778283,1.10459037605699,1.1050811632493378,1.0842000000000098,1.844444124137226,3.793756689642123,2.5564600000000155,4.872249554386713
2025-01-10,1.4098202858401692,0.54510833333336,0.18203174847803893,1.6437399999999798,1.5357142857143344,0.44567390717281796,0.44688960375378883,2.60015999999996,0.21290280968423758,1.8691499658185649,1.3547999999999547,3.0150274034957647
2025-01-11,1.7303840712690999,2.6041249999999536,0.7883186672081592,0.33954000000005635,1.875,1.216874021793842,1.218532398693469,3.1562000000000126,0.5061736226396079,0.020487921426251887,0.03880000000003747,0.8198095278061146
2025-01-12,0.40518530134590947,0.9272083333330556,0.35128580424873235,1.2488399999999729,0.3125,0.37855112727595497,0.3799727233779322,2.0656999999999925,0.4661746460451468,0.33749034652214505,0.043400000000019645,0.07195154976545837
2025-01-13,0.9763203869940753,0.13077976190470508,0.5071984816003123,0.37383999999997286,0.5625,0.8736911747864724,0.8737106167254751,0.7458000000000311,1.7088874119054935,0.5332943349056904,0.8605000000000018,0.7088271831142947
2025-01-14,0.24531716812566629,0.4625500000000784,0.6303990930327927,0.31133999999997286,0.625,0.1516942676622648,0.15095745738176447,1.8830000000000382,0.5357766927648981,0.07481703716143784,0.10779999999999745,0.17867312820055758
2025-01-15,0.9028552724533938,0.6083750000000236,0.6875,0.9988399999999729,0.0625,0.9355849216794923,0.9363785447942519,2.6036000000000286,0.15616370949749125,0.9879156913320912,0.6382399999999961,0.7953647369814689
2025-01-16,3.202932271492955,3.0168083333333016,2.396830504737977,4.686339999999973,2.9500000000000455,3.4903705363133213,3.4910117206679843,5.017699999999991,2.590955295915137,4.08151403779425,3.6842000000000326,4.158830742196869
2025-01-17,1.5843875835677181,2.4795833333332666,2.584387997712838,3.431100000000015,2.0625,2.66329349964667,2.6658323043826613,3.736940000000004,1.2598070517940414,4.738115181599483,4.192699999999945,5.459866810217477
2025-01-18,5.260487544897728,6.286749999999984,7.414904046545644,5.5797999999999774,3.8229166666666288,6.640878540535141,6.640581117432816,7.507259999999974,5.0000511986881975,9.418072570005734,9.568049999999971,10.668908758913858
2025-01-19,4.275981026869431,4.073624999999993,1.237176762123113,1.2655600000000504,4.173611111111086,6.858720566744637,6.8625997410650825,6.999199999999973,4.203310868705216,11.634404755064338,12.146240000000034,13.822613271890873
2025-01-20,2.100338500199882,2.4501249999999573,3.4074556004102305,2.2626299999999446,3.3125,5.455147714999043,5.455469927296576,5.053829999999948,2.0714815324529354,11.840878691811781,12.932800000000043,15.09381654989022
2025-01-21,6.565675952109814,6.457897711733267,5.003380912213743,4.165160000000014,5.58035714285711,10.11513256917317,10.11434523756725,9.461360000000013,6.095186282130044,16.5541214736279,16.92229999999995,20.270415433319613
2025-01-22,2.625638199012485,2.256033333333278,4.1507146909652874,3.5717799999999897,4.708333333333314,7.418244523118403,7.421606738771914,5.906900000000007,2.0246394041159874,15.756962641695964,13.9332,20.526620192726227
2025-01-23,0.32270857000031583,2.3955000012002188,3.711818151070702,0.053920000000005075,3.616071428571388,5.090855350324887,5.0879304352613985,3.32204999999999,0.832977735145505,13.576349485287608,13.775939999999991,19.000521591119195
2025-01-24,4.605540615578548,5.486749999999972,6.117629119851983,5.128229999999974,6.140625,8.884802066225916,8.882151550809738,7.159850000000006,2.504578515658011,15.788744694919671,18.040250000000015,20.98105394669767
2025-01-25,0.4534616785040839,1.3685980842000163,1.0674782563124268,2.4947500000000105,0.9017857142857224,4.3533166345503105,4.354510383199909,2.104219999999998,3.051048309668772,11.753098035713663,13.604829999999993,17.302591729729613
2025-01-26,2.8198520015001804,4.642125000000021,4.656384706149026,3.849519999999984,4.512499999999989,6.681098561242379,6.675598509370104,4.659969999999987,0.6375139015729019,12.462238820807727,15.030300000000011,20.6723220858907
2025-01-27,2.5269933900153205,4.5352903688000765,5.394541882113288,4.45780000000002,7.953081866666707,1.4986574162005013,1.4991798108109151,0.7658400000000256,6.571286419519993,6.6448709653485025,8.874180000000024,21.37610652236708
2025-01-28,6.720307901157582,8.072655477199987,9.413650804852523,5.5204499999999825,4.439676942857147,4.040112968834023,4.0469474702657635,5.764130000000023,11.614254350935141,1.3621615406499927,2.5534000000000106,9.417111428409214
2025-01-29,6.388260666614428,9.057999999999993,5.840888214782979,6.735569999999996,6.7734375,7.398606541233903,7.391991730413224,6.737300000000005,0.17162409566287806,5.361153791039612,10.553600000000017,10.565000158144414
2025-01-30,7.870910373907805,9.156806752333353,7.949938446249121,6.258969999999977,2.857142857142776,10.416665000628711,10.423514505535081,8.944669999999974,2.077682620562882,10.420309273404484,13.9923,13.955592476357424
2025-01-31,2.8725341280589873,4.026349998400008,4.629584670623615,3.645050000000026,4.9375,6.252025614341392,6.253693200490147,3.8612400000000093,2.0288634819198137,9.911150435725574,13.476650000000006,15.115192303434696
2025-02-01,0.7732929706484697,0.19569940399992447,1.315999744598912,1.0878599999999778,0.1640625,2.379880765034102,2.3776086964508636,0.7706999999999766,5.625021341259128,6.189043177456995,10.444979999999987,12.830474727460569
2025-02-02,3.103156381277472,1.4879563926667174,1.1316916200112246,1.5820600000000127,0.28125,0.6617011472621925,0.6658283181012052,1.5897800000000188,8.232134479689876,1.149519359385522,6.128539999999987,8.661328111992873
2025-02-03,3.565844411511705,2.4100194264000265,0.8655921342481179,0.5498999999999796,2.6374999999999886,5.178671727040978,5.174057345165522,4.534400000000005,2.006882844685265,4.109870807651987,9.723850000000027,11.774992501417216
2025-02-04,4.15974383364204,4.331416666666712,0.4825239800853751,5.306820000000016,5.274999999999977,6.486396938138739,6.489298803098791,5.6284200000000055,1.014996717817553,6.102778392051903,10.42383000000001,13.611936483269687
2025-02-05,2.6254134077340723,0.19974999999999454,2.1605161715327768,0.04370000000000118,1.3839285714285552,5.09436817482333,5.094407585929844,4.107300000000009,2.141922116420517,6.286043318602822,10.226139999999987,13.168621860544022
2025-02-06,4.884241968860806,4.4112499999999955,3.220695612015902,1.9945000000000164,5.800000000000011,7.307344101631543,7.306396324324908,6.886230000000012,0.576692821695417,8.712372976206098,12.852359999999976,15.5141711805868
2025-02-07,1.8393043458904117,0.03100000000000591,0.6750896251136282,0.48306000000002314,1.4991582571428808,4.608265642171773,4.609540077169186,4.335170000000005,1.782586364140002,7.053825760388463,11.342600000000004,14.188873399570411
2025-02-08,3.63593768165606,7.735625000000027,3.8958792310675108,3.362700000000018,6.006944444444457,1.342251611097936,1.3452850512042005,1.5702800000000252,6.901553766489712,0.6841597556773422,6.072999999999979,7.487151736802389
2025-02-09,7.252132199196922,4.511124999999993,9.891834523307523,10.167880000000025,4.705357142857167,5.746997998700351,5.753024249069654,5.925139999999999,11.000439811934768,7.0209941345626135,0.352170000000001,0.9845958853723005
2025-02-10,8.673727191651096,6.6911249999999995,9.24138569144219,3.5932999999999993,5.270833333333314,7.821487565138682,7.827536042549696,8.189399999999978,13.15756118028662,13.47121215573452,5.94965000000002,8.466612785149152
2025-02-11,2.436542329228189,0.6360000000000241,4.9260783822318785,0.8473500000000058,1.2124999999999773,2.1091110626459795,2.1134941962690164,2.7133999999999787,8.040802846047313,11.5022627691813,3.9456500000000005,7.693713181284295
2025-02-12,1.9101789202827035,1.8167500000000132,1.4301487489785814,2.5507499999999936,4.696428571428555,2.6767228558620673,2.679891351641629,1.869799999999998,4.271915238332326,6.326031736128982,0.48570000000000846,2.874692235554676
2025-02-13,1.204607862284604,0.2956249999999727,4.091132315983543,1.65300000000002,3.125,0.049470005293130725,0.045308762318200024,0.7499700000000189,6.752341570629483,5.904898207436759,1.6072399999999902,2.7839717938499575
2025-02-14,5.551436885309101,3.4438907950000157,8.535363668666264,2.2494800000000055,2.9375,4.713339919632915,4.713814743888577,5.249019999999973,11.176027684601308,9.47036378507272,5.532699999999977,7.146713428321505
2025-02-15,0.8143783717096085,5.086321428571409,6.852808215988659,2.344850000000008,6.050000000000011,0.5805412390013771,0.5833200150548237,1.0752299999999764,7.044226222148723,6.902760215761873,3.0080300000000193,5.527655931545894
2025-02-16,2.1140989667189274,1.9896249999999895,0.021134946496658813,1.662399999999991,0.17500000000001137,1.412930746756615,1.4094139456091739,2.059599999999989,8.412043712599313,6.940312354328626,4.386799999999994,5.5662154176251875
2025-02-17,4.3009975494359765,3.560275000000047,2.671519891277228,1.3784499999999866,0.4765625,3.9513079615413744,3.9517186971521596,4.449099999999987,10.746214317338683,8.762556882774106,6.518129999999985,8.110457337846242
2025-02-18,4.442387251499781,0.4386250000000018,1.1120029400962608,1.9826400000000035,1.8999999999999773,4.490421744158425,4.491351722765899,4.970799999999997,11.532722894485062,10.12183216372489,8.027949999999976,10.103554762009992
2025-02-19,3.7373294436439437,0.534133524399806,2.5886995215906836,2.1218000000000075,1.9825133499999765,4.138772250805459,4.138976048326072,4.476260000000025,11.492666748886336,10.474017906550614,8.555900000000008,11.03504408187797
2025-02-20,3.8067764879183983,4.553736091199994,6.247984714734912,0.34894000000002734,4.458333333333314,4.4872718553230015,4.486598163974065,4.1606800000000135,12.014723691390998,10.9462219990491,9.241359999999986,12.025200252352306
2025-02-21,3.3154585992268153,4.4651250000000005,2.4687797512643783,2.1983599999999797,2.2916666666666856,4.3784738486587,4.378013913293273,3.865880000000004,12.172784465684515,10.873220778310383,9.264599999999973,12.534329914549005
2025-02-22,0.422600601189572,0.36055910300001415,1.0167439073084097,2.1591000000000236,2.859375,1.777159648041902,1.7760498512705567,1.210300000000018,9.690089840887936,8.117360519229806,6.869419999999991,10.687995193341578
2025-02-23,0.2246535502684992,0.08499999999997954,2.2586153503024207,2.8607000000000085,0.4375,1.3518253947574976,1.348430516971007,0.904200000000003,9.376823726645398,6.233686104957826,5.97014999999999,9.801808996082059
2025-02-24,3.0362255789350456,2.6428267759999926,3.560919638062387,5.719569999999976,0.25,4.11199770589451,4.110041748346816,3.73108000000002,12.006257372322011,7.561303666722154,7.912199999999984,12.051478221545494
2025-02-25,2.485177947095508,3.5325414216000013,0.7349624003186932,1.2008000000000152,5.705357142857224,4.060639673032711,4.061233310838986,2.9112200000000144,11.73866279675019,7.8173854884796015,8.285739999999976,13.597103089603138
2025-02-26,2.513486570001419,4.025000563599974,4.961600200934697,2.241330000000005,5.5625,4.30144190873682,4.300341495425414,3.1777000000000157,11.952358136792895,8.341056098614104,9.375,15.2432246198656
2025-02-27,0.9410301467784166,1.3719402081999874,0.12985116905889527,3.416629999999998,3.8100074249999807,3.065827245746732,3.065331436801614,2.095520000000022,10.58057671963769,7.207269615250482,8.623719999999992,15.418605875786284
2025-02-28,0.8556551452587087,1.6684187535998376,2.4177437866520677,1.9381399999999758,4.327050799999995,1.2215896317441093,1.219410399799699,0.020050000000026102,8.541110132504912,4.833309444527686,6.868839999999977,11.751516418452013
2025-03-01,4.984170693651322,6.684617868866496,13.243530402667716,7.719820000000027,12.987411859999895,6.721726534439881,6.7189067982432675,5.187160000000006,13.893694364615442,8.96172579025233,11.54797000000002,11.593302517757593
2025-03-02,1.801393188555096,2.151999999999987,2.1327438782867034,2.386799999999994,2.4642857142857224,4.640664489354947,4.643871965599999,3.7326400000000035,11.134735350021515,8.351019292392664,9.790200000000027,7.051379786426139
2025-03-03,4.293468646156498,2.3115000000000236,2.4202561339482145,2.236499999999978,0.3854082142856896,1.4581612120997534,1.460905000294872,2.3166499999999814,4.948142075271392,2.644575040025984,4.148399999999981,0.4187241022240755
2025-03-04,3.527642836176142,4.985890799429228,3.0455449533082515,1.493380000000002,6.462499999999977,1.8611040737029043,1.8668617191602834,3.5030800000000113,4.348736247344959,0.7259404955480022,1.6715399999999931,1.2806994739841002
2025-03-05,1.585109898418466,0.04514999999997826,0.5546906880037454,0.7711499999999774,0.6666666666666856,0.6683403887615214,0.6709476138673267,1.8198199999999929,5.289266906232967,1.9281692833557713,0.605259999999987,4.247122758158014
2025-03-06,0.8963958983447924,0.6934158764763083,0.5931617001530753,0.7840600000000109,1.1000000000000227,0.31151357199087215,0.3127519927729736,1.2571699999999737,5.526285131706004,2.3845035668522883,0.023070000000018354,4.649006968252422
2025-03-07,0.277354263861298,0.7831899476666422,0.5799659749465604,0.7465500000000134,0.508928571428612,0.12551083076317582,0.12471788582757881,0.7151000000000067,5.91102057081514,2.1739300004638267,0.057950000000005275,4.751041789227543
2025-03-08,0.07409021367129753,2.157950000000028,2.422293220356096,0.10106999999999289,1.2767857142857224,0.29936276086431235,0.2991351390954833,0.5250500000000216,6.0390356298926235,1.8536325484947724,0.08679999999998245,4.982508448113322
2025-03-09,0.5740297383579787,0.5780083333332868,0.8147770919138111,1.4751600000000167,3.4499999999999886,0.19881378849458997,0.19903993547922028,1.0338399999999979,5.438522698060694,2.0688737495145233,0.6088599999999929,4.585694337896484
2025-03-10,0.8020787766741364,2.404350000000022,1.6449826528643143,1.988459999999975,2.625,1.0590862209859324,1.0584201480669435,0.2819799999999759,6.710875492576747,0.784600211305019,0.5077200000000062,5.493221740706986
2025-03-11,2.9816556132471987,0.2716916666666407,1.8443843915952698,3.1589399999999728,2.4791666666666856,3.4804898928824173,3.481318907534387,2.5677800000000275,8.996287909704392,2.249053707527594,3.055630000000008,8.369083270140777
2025-03-12,0.15332648362567625,0.9796166666666295,1.1753841152428777,0.6999999999999886,0.9624999999999773,1.0301286772029243,1.032094570296067,0.304079999999999,6.190004228292025,1.4454397029201687,1.6768799999999828,7.8973280517919875
2025-03-13,0.7425894562130111,1.7482357142857268,2.5617812407857627,0.6018000000000256,1.6015625,0.2559241881086223,0.25405858716248986,1.0475000000000136,5.448159913254415,0.7577693226971292,1.418200000000013,7.150214355163939
2025-03-14,2.4030104261422025,1.9243249999998397,3.1928271614947903,2.2057800000000043,4.714285714285722,1.5761255671013146,1.5768772170628722,2.7889999999999873,3.4818922353741755,1.6255119670697127,0.8093999999999824,4.354913030037494
2025-03-15,2.0037742475929576,0.9667916666666656,0.1273552107321052,1.2422799999999938,0.0,1.771995564368524,1.7744644662088263,2.666999999999973,3.4678545401026213,2.927625571032479,1.7468999999999824,2.439281695654188
2025-03-16,0.6564822762870222,1.0348333333333812,1.1801842979874664,1.7221700000000055,0.7604166666666856,0.799884547714214,0.8008003827302446,1.4537000000000262,4.488473486599787,2.8658992329000057,1.8099700000000212,1.8246472011546757
2025-03-17,1.1866316041901541,0.3384166666666033,0.7161054446286244,2.6064499999999953,0.19791666666668561,0.9851200997428577,0.9851426294211478,0.3857699999999795,6.265770609007291,1.0892082367836906,0.3667300000000182,3.2512962520904125
2025-03-18,3.3665457071559786,3.336500000000001,3.057529334904814,5.758730000000014,3.3020833333333144,3.527680938248807,3.5290262874723908,2.7328999999999724,8.670336750144202,2.3759518808045073,2.604060000000004,6.7543787904574515
2025-03-19,3.022211247474388,2.544439285714418,1.7047776869894733,1.3255300000000148,0.3125,3.987389234160389,3.989825046483986,2.713169999999991,8.761486855313933,4.729266369026618,4.548029999999983,9.629013484026927
2025-03-20,1.224211817231378,0.5260292374292135,0.41250000000002274,1.420439999999985,0.40972222222222854,0.3405169770312,0.34150313697023194,1.3414000000000215,4.8356081502403185,2.630567723506715,2.7321999999999775,8.11454008080068
2025-03-21,2.195499884914568,0.7844916666664972,1.3612520792541432,1.223479999999995,2.2265625,3.3151197734844686,3.3123805603951837,1.814799999999991,7.856171892962493,4.862142046151007,5.907699999999977,10.163125710679537
2025-03-22,0.852187127166701,0.48590000000007194,0.6769662580966269,1.1692800000000148,1.5249999999999773,2.523900174086691,2.5260212984842383,0.7093800000000101,6.448790074674719,4.627114138963691,5.700440000000015,10.022170824395516
2025-03-23,1.8383534426782262,1.3174333333332697,1.1245816834774587,0.6396799999999985,0.17361111111108585,0.14825681926259904,0.14967120766766584,2.057429999999954,3.6469867322973073,2.2638846098839167,3.9809300000000007,7.863014670274083
2025-03-24,1.348700317203793,1.0684999999999718,0.8149451488413888,1.2760600000000295,5.784523799999988,0.1979620247529965,0.20038284426766495,1.8505999999999858,3.5615157495444123,0.9303488617184712,3.2002600000000143,6.048265125609078
2025-03-25,1.9506491712286333,1.7705250000000206,1.9068321922787845,2.8907500000000255,0.1597222222221717,2.7571645511416136,2.756035674061536,1.2790999999999713,6.384638186839993,2.912755944484047,5.2720299999999725,7.521296079812487
2025-03-26,0.6881827914315863,0.4357750000000351,1.366954991153193,0.6295999999999822,1.3125,0.5775635557940859,0.5791283055217491,1.1760000000000446,3.7701115341490095,1.50225449355014,3.0973999999999933,6.201744723486058
2025-03-27,3.469483822809252,2.6688749999999573,3.7094763871753003,2.4325599999999667,4.3250000000000455,2.5104210845169064,2.5126353213670427,4.153800000000047,0.7596105852352366,1.8771495289140603,0.11469999999997071,2.6807689179662475
2025-03-28,3.5677505083739334,3.665875000000028,3.7491531925172694,4.120900000000006,7.1375000000000455,3.4749733755318175,3.477897752207582,4.6528299999999945,0.042889575036724636,4.690497597395279,2.3654000000000224,0.9903002059221535
2025-03-29,0.524599863586559,1.6440833333333558,0.5533921435267075,0.6438000000000557,1.6041666666666288,1.2212850679300118,1.2233071187667974,1.9376999999999498,2.614359549235928,4.124998662184794,1.3215000000000146,1.383845945838516
2025-03-30,0.03647319297999729,4.92234345066754,2.424830091669719,0.7231000000000449,2.3624999999999545,0.715800167782163,0.7148462220206966,1.3952600000000075,3.128199117481927,3.6010536767528265,1.1707999999999856,1.2806713320256904
2025-03-31,0.5833480349186857,0.6231730158729647,2.483951320734832,0.355700000000013,0.6953125,1.1989323406760946,1.1987332345004802,1.8922999999999774,2.763339320493401,3.5626938983212995,1.3290700000000015,1.3535788638632766
2025-04-01,1.7827104131765736,2.9627059523808157,1.49237473982771,0.5222200000000043,2.125,1.1128450717961869,1.1128204358702192,0.4755999999999858,5.231300622271704,1.1032740256467264,0.9532199999999875,0.895571061216458
2025-04-02,2.3512268036603245,3.4150083333333328,2.5063420529566542,1.9501300000000015,1.9107142857142776,2.2202409293936967,2.222449785543745,1.3112199999999916,6.114345868812336,1.189564023279047,2.5780599999999936,3.377014014429051
2025-04-03,2.9246259677415765,0.013794047733313164,2.933257395789383,3.1172500000000127,1.1749999999999545,3.356014229661355,3.3574021524416366,2.1182999999999765,7.049139556457021,3.806091431510424,4.8156399999999735,6.470371663412095
2025-04-04,0.3605146955339933,3.815966666666668,2.422206030046709,2.4647999999999683,0.013888888888914153,1.459547693627087,1.4612953286630272,0.1800500000000511,4.793644533811175,3.357478098621982,3.830439999999953,6.576812632860992
2025-04-05,0.8827786551213421,0.422183333333237,0.9359695232104741,1.708439999999996,1.5178571428571104,0.17888508947089576,0.1776656774231924,1.4967000000000326,3.4756678317941123,2.1835663004421804,2.7431000000000267,5.589593311491512
2025-04-06,1.5357567525394415,0.45937499999990905,0.6021905071261244,3.055240000000026,0.8020833333333712,2.3333404309503294,2.3322226147513447,0.7759399999999914,5.554768720307379,3.5894224497696996,4.162959999999998,6.768031522716569
2025-04-07,1.5596688955782838,1.3386166666666668,2.306108337530077,0.5948499999999513,0.8500000000000227,2.7059314245871064,2.707121009567345,0.9328600000000051,5.518085069020344,4.41064490415522,4.152469999999994,7.732530842177198
2025-04-08,0.17121453660411134,1.7403607962668275,0.17386943308372338,3.0517999999999574,4.916666666666629,1.236950728747729,1.2369510591768176,0.7342499999999745,3.799997494980744,3.534522474948062,2.6300999999999704,7.157256542946811
2025-04-09,0.35311962084165316,1.3608749999999645,1.3839023845431484,0.5049000000000206,1.96875,1.5985132196218501,1.5972389698554252,0.3351000000000113,4.035178947135478,3.504800241872431,2.422360000000026,7.065644774823909
2025-04-10,1.084190069081501,1.2415083333331722,0.4491230420053398,0.0442000000000462,0.8571428571428896,2.3341859603634703,2.3340073798025287,0.35810000000003583,4.49080301045808,4.0139688352493295,2.5728000000000293,7.487353249505077
2025-04-11,0.6315736442915068,0.868813095238238,1.1584876915549103e-05,0.258199999999988,0.4375,2.0358332910910804,2.035843844199576,0.07384999999999309,3.883851421490135,3.935743015314415,2.3088000000000193,7.493976018203853
2025-04-12,0.8484938074504953,0.46412499999996726,0.902871081641365,0.418329999999969,0.9500000000000455,0.5758949093713,0.5752930755359102,1.599550000000022,2.17205869011525,2.464437722597495,1.0956999999999653,6.037788863136598
2025-04-13,1.298027125048975,1.3473000000000184,1.64151064124178,2.3944999999999936,1.7374999999999545,2.3846767140402108,2.382985397493826,0.3449000000000524,3.9174781314458187,3.5290795263135806,2.757449999999949,6.8205920929693775
2025-04-14,3.347818213694609,3.2254749999999603,3.3092888745488835,2.304899999999975,3.6375000000000455,4.664929676037104,4.6658276414831334,2.4577000000000453,5.780887273440612,6.028063975009786,5.4909000000000106,9.285264038030505
2025-04-15,1.3571447956353495,2.4302249999999503,1.5135954799631008,2.86099999999999,0.23749999999995453,3.331276318412961,3.3327263699279683,0.6993400000000065,3.8525380294485103,6.0193123823815995,6.0009000000000015,9.742834880900887
2025-04-16,0.77320839037327,0.6187499999999773,0.7745448561828425,0.6255499999999756,1.2999999999999545,1.3000075073408652,1.2989363368432123,1.4681000000000495,1.471280459704417,4.260824778794472,5.138500000000022,8.179680392936234
2025-04-17,1.0189164429269795,0.16059166666684632,0.19239259966411737,0.6479000000000497,0.7374999999999545,0.6592764206491211,0.6572590582843532,1.9659000000000333,0.6600719047037273,2.6544570539540473,4.169700000000034,6.239219967186386
2025-04-18,0.7340220812577627,1.0790916666668409,2.0787266802806244,1.3984000000000378,2.7678571428571104,0.5280582333058419,0.5264961312861942,1.9283400000000483,0.3660468431029358,1.4803615526317344,3.2246999999999844,4.5835019192571735
2025-04-19,0.4534053188683629,0.040775000000053296,0.26317973709967646,1.3927999999999656,0.8055555555555429,0.4836790070939969,0.4824779575449156,1.8410599999999704,0.21846531179005524,0.6913212967363052,2.449899999999957,3.35044105591453
2025-04-20,1.2142400997037157,1.5450250000000096,1.156951386486412,0.35180000000002565,0.7589285714285552,0.5167911198307138,0.5176623062671979,2.7468000000000075,0.8694577758849391,0.8023541572113118,0.8526600000000144,1.4594904573415306
2025-04-21,1.1710848033965249,0.5771000000000868,1.7338321533247836,1.394649999999956,0.44375000000002274,0.8818585972744586,0.8833687177872207,2.9111299999999574,1.140672055292839,1.911854167385627,0.15670000000000073,0.16003800621513165
2025-04-22,1.5009421462686987,0.35945476190499903,0.2853533634188352,1.3576699999999846,1.2437499999999773,1.430361737587873,1.4294664113790532,0.41279999999994743,1.2604578919290361,0.2756992196674446,1.463799999999992,0.9210470770406118
2025-04-23,3.4998244527535007,2.587121428571322,2.977352392154785,2.2439600000000155,2.4125000000000227,3.7286910194583243,3.730170085063037,1.7069000000000187,3.2761178782766365,2.698673407000342,3.776399999999967,3.8130488198208923
2025-04-24,1.7325911660141173,1.5952416666666522,0.7285296715677987,1.4342000000000326,0.5833333333333712,0.7792012948106048,0.7771968073327571,3.2297399999999925,1.6862008822945427,0.12578671065080016,0.10969999999997526,1.4174910427428813
2025-04-25,0.18597106814900144,2.5488273809525026,1.9735772731680754,1.3935999999999922,0.02083333333337123,0.5551304669235151,0.551718240044579,1.592830000000049,0.06236140640260146,0.3406966195915402,1.2505499999999756,1.5409045553209353
2025-04-26,1.633413542686526,1.313407142857045,1.64001193500701,1.6616000000000213,0.1964285714285552,1.9648621044202628,1.9658824006319264,0.193300000000022,1.1022183102288636,1.4086973987723468,1.832149999999956,2.2071759408646585
2025-04-27,1.9504465583412411,1.3778154761904489,1.5491107051811923,0.34265000000004875,2.0,2.5499935372181426,2.5504332702263355,0.22080000000005384,1.438667275286889,2.720114353179838,2.854600000000005,3.6346453396377
2025-04-28,0.8709536718316713,1.930607936507954,1.867802315030076,1.6786499999999478,1.5208333333333712,0.04960080731166272,0.05034841522160605,2.4939600000000155,1.3382912763399872,0.9344362027653688,0.8031600000000481,2.0014475015826747
2025-04-29,1.8130836229879606,0.47699999999997544,0.8875864900329589,3.5932999999999993,0.2999999999999545,2.361688023653528,2.3595478623648205,0.0013000000000147338,1.0274566373559537,2.608242504691816,2.943899999999985,3.4024684205027143
2025-04-30,1.6953149723636898,1.7887261904760408,1.2846828812798776,1.1024999999999636,1.2767857142856656,2.544460503065693,2.5462036699523196,0.03290000000004056,0.8271137800536508,3.204344903496235,3.1860000000000355,3.958429406318487
2025-05-01,1.3619229310149876,0.3424999999999727,0.2754368101973341,0.17570000000000618,0.33749999999997726,2.431371867741973,2.431101005706637,0.3050500000000511,0.4718291464128015,3.70637121754487,3.9624599999999646,4.657355824936076
2025-05-02,2.9907797818877953,1.2741369047619173,2.3375549540644442,3.6287999999999556,1.9910714285714448,4.19047599062128,4.19058230389021,1.328740000000039,1.9477272974889956,5.666158293644571,6.203399999999988,6.638782918585434
2025-05-03,2.712157449584197,1.8501583333332974,1.6124645625249059,3.208560000000034,1.4791666666666288,4.393845339209292,4.39510496058233,1.1919000000000324,1.6441484322079987,6.791707388179589,7.488899999999944,8.068947017182381
2025-05-04,0.39698173153658445,0.2777499999999691,0.7997956399754003,2.443499999999972,2.3374999999999773,1.6462712500460839,1.6463707643443968,1.4615999999999758,1.5800693207934273,4.782849333105332,5.814200000000028,6.397847521441122
2025-05-05,1.525036245731144,0.5081333333332623,0.310098043394305,0.7463999999999942,1.0750000000000455,0.15004100708938495,0.14756387265254034,3.186900000000037,3.097538674717498,2.398559883858411,4.0715300000000525,5.173499648259508
2025-05-06,1.3678750992514779,2.3540607142857652,2.5653273962192316,1.6493500000000267,2.3999999999999773,2.4612665162501344,2.4591946428666915,0.6014999999999873,0.7164178900990237,3.214448396382295,5.246030000000019,8.074641885616984
2025-05-07,2.1079886906102274,0.6288749999999936,0.9464796562580204,1.7101000000000113,0.027777777777828305,3.3004988072661945,3.301290068913886,0.1106600000000526,0.20731276224773865,4.102280218418741,5.697099999999978,8.6726861188057
2025-05-08,2.135220450265024,3.5438769841271096,3.9605665803330794,3.804930000000013,3.9500000000000455,3.5758708863469337,3.5759681842334885,0.18889999999998963,0.17357070511718575,4.970060399783961,6.257929999999988,9.472137487405803
2025-05-09,0.29533931680498426,1.803678571428577,1.9412158925691756,4.010740000000055,0.7000000000000455,1.3693716674690677,1.3695679468070239,2.2173500000000104,2.610114036454206,3.2114022168774454,4.13585999999998,7.579345471923602
2025-05-10,0.18834428830382421,0.7615333333333183,0.8423794082366385,1.8395400000000564,1.625,1.545163109656869,1.5429542654754869,1.899499999999989,2.3466364532929447,2.6641810874235716,3.8548600000000306,6.527858171058028
2025-05-11,0.8910163329784382,0.40562499999998636,0.6354300851820653,0.07899999999995089,0.6875,2.0616811624327056,2.0612407166529465,1.3365999999999758,1.962832438380019,2.587845498866045,3.585270000000037,6.239089618950516
2025-05-12,0.2984635499566366,0.14464999999995598,0.37818239877003634,0.9376999999999498,1.546875,0.8553855356683471,0.8549592011478353,2.578999999999951,3.1660345076221574,1.3285963821562063,2.1462999999999965,4.9879227183530475
2025-05-13,1.8092537483316846,1.69399999999996,2.1057921776957755,3.2109400000000505,2.8125,2.7102827704823085,2.7088221283405574,0.5968000000000302,1.270701859965584,2.600436558955721,3.527469999999994,6.127050656522442
2025-05-14,0.2561429877350747,0.50162499999999,0.7957055554087447,0.25099999999997635,0.6319444444444571,0.8301508527938495,0.8312721100880935,2.656600000000026,3.385306542016224,1.1000130085268438,1.5218499999999722,4.657443123801158
2025-05-15,1.566802155254095,2.3046999999999116,1.5695942427508953,1.7141000000000304,2.3125,2.4339927614287262,2.4319620833921363,0.9169299999999794,1.5924648295429051,2.2885398824740832,3.0423600000000306,5.750347567521999
2025-05-16,1.7884850434743385,0.4836999999999989,0.9925713795713591,1.9800000000000182,0.4249999999999545,2.7904352348502925,2.791667576498412,0.7151000000000067,1.3320406096275974,2.8805936677146065,3.23720000000003,6.328701263507014
2025-05-17,1.8298124656241725,3.17073333333326,3.1284515920199283,2.881650000000036,2.3125,3.0214022344521254,3.0212403080428203,0.6304000000000087,1.2226520124061153,3.655779613389541,4.106199999999944,7.235070462831345
2025-05-18,0.2694718746874969,1.0093333333334158,1.4977483005625345,0.8285499999999502,0.4375,1.0882640632567018,1.0885830171669113,2.7233999999999696,3.205938130774257,2.0871430526564154,2.70799999999997,5.805294147929658
2025-05-19,0.12090288199181032,0.39125000000001364,0.7909581103380106,0.9472700000000032,1.140625,1.2484632249240804,1.246548488356666,2.4239000000000033,2.872183612092158,1.6359890799740242,2.924099999999953,5.294799628208352
2025-05-20,1.6865343154433958,1.2416083333333745,1.8550007588972903,2.4794299999999794,1.0535714285714448,2.6625432417328057,2.6622702213162484,0.9595000000000482,1.401397396516586,2.5529863669416955,4.116459999999961,6.0821137803239935
2025-05-21,1.8824209477318163,1.1130166666665673,1.7002866645934773,1.9469000000000278,1.3999999999999773,3.021269582168543,3.0218369167482706,0.7552500000000464,0.9988268233887538,3.331918563883619,5.094699999999989,6.92283673301381
2025-05-22,0.7235475444770145,0.5012095238093934,0.27855905120350144,1.661200000000008,1.2374999999999545,2.051800158756919,2.0519935160153864,1.8903000000000247,2.067869921413944,2.8604365774496046,4.954470000000015,6.595612727907223
2025-05-23,0.6353894664318886,0.23599999999999,0.2588296397615295,0.8975000000000364,0.6770833333333712,0.6613500611970267,0.6604903681852647,3.283260000000041,3.282090726897536,1.327641535304906,3.8362399999999752,5.10214983030221
2025-05-24,0.45836252085200613,0.9017499999999927,0.3181644329046094,1.6526000000000067,1.0249999999999773,0.576930639685088,0.5754274874350358,3.199700000000007,3.172401561127458,0.4372458119593148,3.2864399999999705,4.0530751135298715
2025-05-25,0.5384021927017102,0.514075000000048,0.01977471106079065,0.3392300000000432,0.4285714285714448,0.2918747167248057,0.2912026261495839,3.366300000000024,3.348095638324253,0.4657386575427154,2.3962400000000343,2.933381103683473
2025-05-26,0.00500790077990132,0.405088852813833,1.6000000000000227,1.370800000000031,0.875,0.6543461105868573,0.6535316617436138,2.8799999999999955,3.0166257381821424,0.5695495882366686,2.284850000000006,2.585669499706569
2025-05-27,0.3650539467298586,1.4796797619046629,0.6158688375104475,2.2956500000000233,1.7999999999999545,0.9411796790061544,0.941189456907523,2.559600000000046,2.724132421855302,0.41098713807002696,2.2069000000000187,2.529620431327089
2025-05-28,0.8813938126163521,0.035933333333332484,1.2999999999999545,0.5888700000000426,0.5833333333333712,1.463029130463383,1.4631037703613856,2.0506599999999935,2.1388612436267067,0.24476955863360672,2.597660000000019,3.0334228553357434
2025-05-29,0.16289165994044197,0.05763611111115097,0.014826179228066394,0.0885600000000295,0.08333333333337123,0.8346877475858037,0.8352060003785482,2.7632999999999583,2.7899243775705145,0.02286594838938072,1.9015000000000555,2.691728932399883
2025-05-30,0.16792408886794874,0.21605357142868797,0.0,0.675200000000018,0.08333333333337123,0.8164970037430521,0.8160756068232331,2.758000000000038,2.666423835009141,0.028473838345689728,1.716199999999958,2.5750641669262677
2025-05-31,0.9165424421194075,0.1997083333332057,0.0625,1.9624599999999646,0.5208333333333712,1.5346463836691555,1.5347283974879247,2.0318999999999505,1.9668925612785415,0.647341036423768,2.0605000000000473,3.119168243613217
2025-06-01,0.8616021415997466,0.8087242424247734,0.8549658665994002,1.306100000000015,1.2250000000000227,1.5774204309366269,1.5780012327400073,2.0820300000000316,2.009483104226547,1.041209071899857,1.89549999999997,3.4838908782500084
2025-06-02,1.8818810015814051,0.8957321428571277,1.9085976931419282,1.5246600000000399,1.6749999999999545,1.0775008911406303,1.0773153707082201,4.783300000000054,4.509142719566967,1.3106999210101549,0.9926000000000386,1.1412700059033796
2025-06-03,0.6038698112949987,1.4698666666666895,0.2532603539925731,0.5025600000000168,1.1875,1.0707572706570545,1.068606331390356,2.3368500000000267,2.1544975878050536,0.17418117678369072,0.6100000000000136,1.9859982627197041
2025-06-04,0.40190140080699166,0.8560952380952358,0.21677150243681353,0.765260000000012,1.3660714285714448,0.9062578716150256,0.9079293760632936,2.57650000000001,2.6803119711056524,0.18277684325278187,0.19402999999999793,1.8343639934673774
2025-06-05,1.754641624103897,1.5725416666667797,1.1176658951911804,1.4703399999999647,2.7000000000000455,1.1880152123026164,1.188349326252137,4.6778000000000475,4.595582856553392,1.9594753463810548,2.1492299999999886,0.018703826526348166
2025-06-06,0.8464327104532003,0.043091666666555284,0.04400642125688137,1.3775600000000168,0.3839285714285552,0.5747375330895466,0.5761140605552555,3.8237000000000307,3.917537650040231,2.193525288253568,1.944029999999998,0.5322613823545908
2025-06-07,1.5241281609852422,1.8756972222223567,1.9785931951265638,2.759400000000028,1.3125,1.6463666614746444,1.6467430385411035,1.523559999999975,1.6231196602097953,0.3000542913506479,0.06055000000003474,1.0623772854092977
2025-06-08,0.08410210849092437,0.11272500000006858,0.8164903072397465,2.7124999999999773,0.4910714285714448,0.4523877560808387,0.45425257013607734,2.927000000000021,2.9492159952159227,0.5500587479172054,0.9922000000000253,0.8190563969213827
2025-06-09,0.38946134111051833,0.53402380952366,0.6580677046144956,1.702760000000012,0.4285714285714448,0.009398709606102784,0.008911075697710658,3.355040000000031,3.4649147088952077,0.7706393175080848,1.131529999999998,0.5564572784579696
2025-06-10,0.8610980992771147,1.147216666666509,1.6913294994461694,0.9271999999999707,0.4464285714285552,0.5408468790724328,0.5406929731428818,3.8541999999999916,3.8646629229224345,1.5141363707864457,1.9297000000000253,0.33163957902831953
2025-06-11,0.39827029414368553,0.06121388888891488,0.9141204209699936,1.7749999999999773,0.4464285714285552,0.5852671143675252,0.5848289515960232,2.623540000000048,2.7144094077034424,0.7007854537970388,0.8594000000000506,0.29081222022500697
2025-06-12,1.857619725028485,1.9195305555556388,1.965853921653661,2.317800000000034,1.0535714285714448,2.1027731985296896,2.103920644243317,1.17804000000001,1.3344290126851774,1.100951282721212,0.6405999999999494,2.01035058112393
2025-06-13,2.2751315148591402,2.4836583333333238,2.141227251319151,1.797239999999988,2.7625000000000455,2.8169436650741773,2.818538215459057,0.6878699999999753,0.6545175107313526,2.81885224097789,1.675100000000043,3.883744657510306
2025-06-14,0.37268659793960524,0.8314003968255292,0.7462522951358324,1.4236499999999523,0.90625,1.2504756923347031,1.2517827111845463,2.485900000000015,2.155874634769134,2.277001911762568,0.20325000000002547,3.6329911599804063
2025-06-15,0.8857815903044184,0.9474761904760953,1.2212776083017616,0.6743999999999915,1.6375000000000455,1.7818188902850807,1.7810897520150775,1.9150399999999763,1.5301062526126543,2.7458951109284726,0.37199999999995725,4.239124801808771
2025-06-16,0.4518852734228176,0.8141880952381371,1.1553883991672365,0.38160000000004857,0.59375,0.5059501905850539,0.5066380851526446,3.236499999999978,3.0061237902782523,1.5017640757431536,1.7712000000000216,3.1254484730034164
2025-06-17,0.7855315563532486,0.7930654761905771,1.367605439083377,2.254299999999944,1.3828125,0.06339727218505686,0.06217893202756386,3.541560000000004,3.1572053054643447,0.5761356041416548,2.7970000000000255,2.21712117193249
2025-06-18,0.43547323573091035,0.5906750000000329,0.1733472581715887,0.057249999999953616,1.5625,1.115107327912483,1.1147103625231694,2.3517000000000507,2.052262265358877,0.9582109964867414,2.5948499999999513,2.487541295650203
2025-06-19,0.4443877872267876,0.6186454110320483,0.03159323165004935,2.5031999999999925,2.5900455500000135,1.1578826991742517,1.1584924576702633,2.3383999999999787,2.047811961964044,1.0803486442628127,3.040100000000052,2.6149821016157375
2025-06-20,0.2553605884912713,0.45809484126982625,0.1005604244423921,0.8222700000000032,0.0,0.5077036711716119,0.5078144432814042,3.0052500000000464,2.641711898559379,0.5706339501324464,3.9788999999999533,2.1473252578952042
2025-06-21,0.06465783159364946,0.772994809674401,4.411259276937471,1.7331500000000233,1.1597222222221717,0.6415154059726547,0.6411869895403015,2.8034999999999854,2.4306545013218965,0.4681073468975683,4.26556000000005,2.002966413797708
2025-06-22,0.6201756261230003,0.8607500000000528,0.5,0.24230000000000018,3.9202854428571072,1.296253060578124,1.2964273174923164,2.120300000000043,1.7876748574739167,0.9952571391092988,4.045700000000011,2.4822459516568642
2025-06-23,0.9162023858336852,0.07991497818397875,0.3774978951709045,3.438660000000027,1.2966857600000594,1.6669999523800243,1.6676170847968024,1.8057000000000016,1.392237818035369,1.6132843264394978,3.9507999999999583,3.138227489893211
2025-06-24,0.520654751983443,0.19720238095248988,0.3497788271861282,1.3594399999999496,0.4375,1.3857443655380166,1.386303912287076,2.164549999999963,1.6204867050062148,1.6938050531176714,4.4547999999999774,3.321903106753666
2025-06-25,0.25862241410595743,0.4721583333333683,0.9465470145892141,0.005700000000047112,4.706038640000088,1.1739770628560109,1.1740383606111209,2.3905999999999494,1.7764129631940477,1.5845910497632758,4.9700299999999515,3.2940708018610394
2025-06-26,1.0384683528563983,0.46236190476201955,0.24908675219376164,0.8013300000000072,1.6517857142856656,0.11849146600684435,0.11848239377320624,3.6660000000000537,3.066839423584497,0.21882398026696137,6.6626999999999725,1.9719523995995587
2025-06-27,0.26397956436926506,0.3970857142858222,0.03867378527377241,1.269900000000007,0.7767857142856656,0.498231712059237,0.49714761462143997,2.8776000000000295,2.4159446829623903,0.18979399743307113,6.5215500000000475,1.8305410860575648
2025-06-28,0.05534662969751025,1.0150333333331218,0.32134889587530324,2.2269999999999754,0.5750000000000455,0.6477328746966577,0.6481860455844526,2.693200000000047,2.2822352950792038,0.11170765009171646,6.849299999999971,1.6550179479171447
2025-06-29,1.4800177620029444,1.321455952380802,1.420632409277232,1.053700000000049,1.125,2.1845250015902593,2.184563338363546,1.1413599999999633,0.6454601487341733,1.677122347212503,5.3868400000000065,3.1775209880460125
2025-06-30,1.1180236539876205,1.8556250000000318,1.787370137344169,1.241200000000049,1.2708333333333712,0.22899279598016165,0.2273861185866508,3.7327999999999975,3.23743486743615,0.0450180146576713,7.709169999999972,1.581617590826113
2025-07-01,0.2385197772119909,0.15128690476205975,0.22205661552322908,0.6529000000000451,0.39583333333337123,0.5254438857859896,0.5236668579727848,2.7911400000000413,2.1818298990107223,0.1880923351822048,7.038300000000049,1.7346114275183027
2025-07-02,0.6009465372742397,0.6208809523812988,0.49569168853008705,0.6529000000000451,1.5625,0.10132660573003704,0.10222422449658097,3.2001000000000204,2.709387048756412,0.4737922310828253,7.981499999999983,0.9639159112172138
2025-07-03,1.4048666476846847,0.30842619047621156,0.6224285895916637,0.5450399999999718,0.6875,0.7529509274411339,0.7535136175190473,3.976440000000025,3.4541083222316047,1.486293453981716,8.856499999999983,0.13696483463070308
2025-07-04,0.13559182778658396,0.0317472222222932,0.17983377911070875,0.5450399999999718,0.6875,0.6190329074653391,0.6185748636141852,2.456360000000018,2.162791885794718,0.6908194196579416,7.913300000000049,0.42880666470887263
2025-07-05,1.073078350224364,2.1956567460322276,2.231683174746422,1.4825399999999718,1.625,1.593153267123057,1.5943434815774253,1.5512999999999693,1.3144331505413902,0.5473115340114418,6.975800000000049,1.582673833133299
2025-07-06,0.320795686377096,0.895047619047773,0.7182102532901808,2.3575399999999718,1.5,1.0172848623617483,1.018425605678999,2.282799999999952,1.9332662618489849,0.7211033716803286,7.110660000000053,1.8483188913663753
2025-07-07,1.7638678841044566,0.8249261904763898,0.6080139138443883,1.4825399999999718,1.3999999999999773,1.001335215240374,1.0011880117073133,4.333859999999959,3.8365210502138325,1.0523723266737761,8.910200000000032,0.1313287312140119
2025-07-08,1.2008168679932396,0.2556952380950861,1.2990055727109393,0.48253999999997177,0.375,0.6468574644961791,0.6481912232213745,3.75945999999999,3.411331155687776,1.512070023450974,8.985660000000053,0.5224381303454493
2025-07-09,0.987282143029006,0.8872158730160891,1.0517241379310462,1.0174600000000282,0.875,0.580484130222203,0.5801753345947418,3.598899999999958,3.4801231150595413,1.919051845466356,9.407839999999965,1.1531325777265238
2025-07-10,1.2392152505688045,0.6108166666668922,1.3937636584811344,0.6095599999999877,0.7628646000000572,0.9130024710328826,0.9130112512675623,3.8694000000000415,3.798192645380709,2.4006691830853697,9.750369999999975,1.8154565009120915
2025-07-11,0.8434045154569958,0.5884027038665636,0.7745591179854046,1.734860000000026,0.5625,0.6317468841909886,0.6316980787579496,3.510560000000055,3.5894724405598026,2.3599154358830674,9.468499999999949,1.9991321177725467
2025-07-12,0.13505197975302963,0.49727918327641873,0.09613991312971848,0.5342000000000553,1.1965847714285474,0.01752041849113084,0.018067472918232852,2.846900000000005,2.9989340846962023,1.7053829865283205,8.611599999999953,1.53379981287992
2025-07-13,0.4361885655819151,0.48967245346671007,0.13581352566018268,1.9778400000000147,0.625,0.24220304163054607,0.24121753605334106,3.176900000000046,3.109825071756063,1.5991069043474226,8.424740000000043,1.5167655076101028
2025-07-14,2.6876373496148744,2.990750000000048,2.5122738946741947,2.318200000000047,2.875,2.4900832818467507,2.489711537187759,5.440399999999954,5.554614391969494,3.6602650869496074,10.17470000000003,3.661202699442242
2025-07-15,0.22082656335658157,1.3850180396763108,0.9356587146118045,0.023400000000037835,1.4779435250000006,0.3352424630804762,0.33662376835854957,3.0288000000000466,3.2695614967150277,2.4104633821580137,7.629000000000019,2.755762793050394
2025-07-16,0.17905931963287003,0.05566617199997381,0.21535399965625857,1.3309299999999666,1.4862472285714148,0.28930928250929355,0.2871866470925397,3.0895400000000564,3.4835623631664703,2.0797832541256867,7.190299999999979,2.595603439077763
2025-07-17,0.01056415346238282,0.4650691305145074,0.2225970700343396,1.154700000000048,0.14374999999995453,0.0345012586105895,0.0341136200611345,2.8964999999999463,3.0344185457222466,1.3364957473422692,5.800960000000032,1.8957431573034
2025-07-18,2.857510730300419,1.5227459402858585,1.7051345637069062,0.5919999999999845,2.1625000000000227,2.8492193958007874,2.8480403844149578,5.7970000000000255,5.987419480337621,3.800936968115707,7.9862000000000535,4.395716160860047
2025-07-19,2.0749899419274698,2.407333333333213,1.5565878861879128,3.1936600000000226,3.5546875,2.420516995447315,2.4224021496447676,5.082030000000032,5.541052552664496,4.332448652204789,6.783260000000041,5.244590337806017
2025-07-20,0.1492061369053772,0.06112499999994725,0.10197458460561393,1.042699999999968,0.10416666666662877,0.7776961758390826,0.7769490150342335,3.3244999999999436,4.0120758796388145,3.3127918935615526,4.824899999999957,4.607707886527237
2025-07-21,1.716948525396674,1.0128333333332193,1.3520711377899488,0.028400000000033288,0.75,2.2921728706775184,2.2906523282396165,4.954960000000028,5.575415428495717,4.273761745056845,5.362370000000055,5.698094112653848
2025-07-22,1.5002215610985559,0.7625000000001592,1.527913002696323,0.07489999999995689,1.3875000000000455,2.26569249374063,2.266150421945099,4.748960000000011,5.478530362954984,4.462434793159218,4.656560000000013,6.133469226011016
2025-07-23,0.4002642089128585,0.4919999999999618,0.47413426656146385,0.9638999999999669,0.45138888888891415,1.3569114260199058,1.3561161648348161,3.7170399999999972,4.686297890550918,3.7758055982473024,3.737700000000018,5.741935646473053
2025-07-24,0.5876138145036975,1.862254761904751,1.7304410939115087,2.926150000000007,4.4375,1.5404909625694927,1.5391990247662761,3.9132700000000114,4.885036112920034,3.5637065022891647,3.7135600000000295,5.679519766644148
2025-07-25,1.51412107680369,1.1219999999999573,1.7939661607613289,1.0694600000000491,1.7232142857143344,2.4977261245641103,2.496997196941834,4.837999999999965,5.840172288740405,4.262112357202682,4.671140000000037,6.5064876338700515
2025-07-26,0.3325499388230355,0.5988750000000209,0.48031054276736995,0.07836999999994987,0.3125,1.5239319345048443,1.523864361932624,3.70169999999996,4.864075633500988,3.5484609102444438,4.302000000000021,6.026785491591795
2025-07-27,1.591655183303601,1.082125000000019,1.2720783025422406,0.009300000000052933,0.875,2.7943622385180333,2.7928260441690327,4.97950000000003,6.209780645428964,4.560203319067796,6.035499999999956,7.178501095287743
2025-07-28,1.2551377363431584,4.749265476190317,3.176922236000223,1.8023699999999963,3.4375,2.6880910367266324,2.688472137983922,4.6802000000000135,6.078545764889441,4.716727880045823,6.575900000000047,7.559196478774766
2025-07-29,0.5800305963805386,2.520458333333295,2.380346868172751,2.3479999999999563,3.9874999999999545,1.0475179895021256,1.0465922010639588,2.9143699999999626,4.399725676675644,3.295346315675147,5.749500000000012,6.40339541931985
2025-07-30,1.485212489088326,0.20262500000001182,1.8136084674621316,1.980829999999969,1.7578125,2.948536124782322,2.946515591078878,4.923649999999952,6.323264287804932,4.470755907897114,7.514400000000023,7.615168166447006
2025-07-31,0.603749695172155,0.043750000000045475,0.3570528591352513,1.9622000000000526,2.7000000000000455,2.3047548132005886,2.3053735661992505,4.075870000000009,5.581419126441233,4.090772165878775,6.964360000000056,7.421450807781525
2025-08-01,0.1492283131797194,0.1169833333334509,0.039705988008336135,1.0670000000000073,0.46249999999997726,1.939640190868431,1.9381501648624635,3.655939999999987,5.19750609469429,3.759051162854007,6.810359999999946,7.278121779265916
2025-08-02,1.3207344684921054,0.7563750000000482,0.5464702317786987,0.675200000000018,0.875,3.0949244255352824,3.094014018303369,4.789999999999964,6.204857240018896,4.5933410675606865,7.561040000000048,8.191144358760084
2025-08-03,2.306355559466283,1.8598749999999882,2.7707774113320056,1.8188499999999976,3.625,4.315913097398379,4.315901169820904,5.82669999999996,7.271290391395837,6.129913615208238,8.7192,9.935082024333497
2025-08-04,0.1469471242991176,0.2575333333332992,0.8260608659904847,2.010599999999954,1.3020833333333712,2.6017062874697103,2.602033225750347,3.802400000000034,5.288276060837234,5.203613227689743,7.280399999999986,9.385449740382569
2025-08-05,2.7883115206238926,3.3271250000000236,4.098407975654027,4.1725999999999885,3.5625,0.3574107219300231,0.3594509999437605,0.8365000000000009,2.200743906238131,1.972570902968073,4.1349500000000035,6.361207742453189
2025-08-06,1.547542669639597,1.963583333333304,2.1921020432336036,1.2773999999999432,3.0892857142856656,0.21737382812329997,0.21392585715432233,1.7741999999999507,2.875947435727767,0.8237265043829893,3.4513500000000477,4.98801478849964
2025-08-07,0.30953665958463716,1.0454833337331593,0.19214319262914614,1.2695300000000316,0.4553571428571104,1.0910005524917779,1.089936414028216,2.806799999999953,3.65947529739924,0.6934254711786707,3.189100000000053,4.575071439936551
2025-08-08,1.9282453066369953,3.255159172199228,1.836104650741845,0.9528999999999996,1.0750000000000455,0.591820060924988,0.5924880970871982,1.1272000000000162,1.8289627006645333,1.091459295759023,1.2164999999999964,2.318041899847458
2025-08-09,0.9758603004761426,0.3826249999998481,1.3295599849326436,0.9545000000000528,1.2374999999999545,0.05578630270747453,0.057979222352742,1.889599999999973,2.4573272744094083,1.3338544439321822,1.1871999999999616,1.4142288266233436
2025-08-10,0.7173917229748668,0.23541031746037788,1.759069088209685,1.6490999999999758,1.6375000000000455,1.4579911037856164,1.4576799830995242,3.475999999999999,3.8973661458425113,0.16822757457418902,2.106400000000008,1.9877409182083738
2025-08-11,1.0765868541367354,1.5954107142856628,1.2634404968304125,0.16240000000004784,2.5267857142856656,2.0275716975886553,2.028090507599927,3.900600000000054,4.323963138691283,1.0231308263562369,2.9149999999999636,2.9900305057622063
2025-08-12,1.5074547473179791,2.0029607142856776,2.896105583489657,1.0270000000000437,2.0208333333333712,0.2800832163554787,0.2797831905207886,1.4107000000000198,1.8084864203765392,0.5217896458175346,1.1490499999999884,2.3717402292378438
2025-08-13,2.701606158616528,2.8789250000000948,3.4155238532669046,2.9437000000000353,2.2708333333333712,1.7973760917561776,1.7994857059672995,0.06799999999998363,0.3887446132498553,2.5664883650683805,0.5598999999999705,1.112340069783727
2025-08-14,1.0074827359143228,2.3980416666666997,1.4677283279689846,0.022799999999961074,0.6000000000000227,1.3434410295138832,1.3416055697530282,3.518699999999967,3.720368213842562,0.6032635992729638,1.5574000000000296,3.2161282747264295
2025-08-15,0.17685223023192975,0.018000000000029104,0.35431116037614174,1.0330999999999904,2.1124999999999545,0.8211095056616387,0.8229038252266037,2.7911400000000413,2.8680684975655595,0.434005476936818,1.1231699999999591,3.742484072472166
2025-08-16,2.6197876298135725,3.740750000000048,4.3695318539445225,2.0190999999999804,4.4375,1.8817803323953513,1.8825547422186446,0.03589999999996962,0.14449408578241218,2.623172093707808,1.004760000000033,1.9336170029097275
2025-08-17,0.036157642268562995,0.8173333333332948,0.5276711619926573,0.6446999999999434,2.4249999999999545,0.15960106112265748,0.15739874954658717,2.3859999999999673,2.475060647109558,1.6046211449429393,0.27135999999995875,2.8548773815717823
2025-08-18,1.0150368110092813,0.23307500000009895,0.41594168825110955,0.6678000000000566,1.75,1.2955431828675046,1.2966910936256681,3.4547000000000025,3.4767375375226948,0.2894294328706337,1.1059000000000196,3.898682970926302
2025-08-19,2.2839683314999775,1.911366666666595,2.4231910358453206,2.3141500000000406,4.2625000000000455,1.6929442853322598,1.6923940072406367,0.28740000000004784,0.3205992305629479,2.3754819432895147,1.2059000000000424,1.9455594430304473
2025-08-20,5.136347854928886,4.4524642857143135,4.251857227063965,5.144699999999943,8.4375,5.0039229333209505,5.006281820651793,2.7509000000000015,2.704182057577782,6.444309616309397,4.9452,2.5324313220761496
2025-08-21,1.449984657226537,0.23930833333326973,1.1255783872375105,1.292850000000044,0.05624999999997726,2.3753282593565928,2.3785633507731063,0.5067999999999984,0.5272550280709538,5.97633675979705,4.170399999999972,3.129371113658749
2025-08-22,3.4988655100440837,2.989500000000021,3.4921725185462265,2.7445699999999533,3.578125,2.4354840565112,2.4367659256147363,5.414549999999963,5.4254829845353925,1.4077575778391065,0.27490000000000236,0.41193547357841
2025-08-23,0.9542711958183645,1.5345416666667688,2.0869482067136005,1.2422000000000253,1.0,0.8595901176489633,0.8634026474915117,3.2952999999999975,3.4353524733636505,0.5791311864654745,0.5248000000000275,0.5306079642626855
2025-08-24,3.1158789779715335,2.8989869047617276,4.82577640026102,3.081099999999992,1.9017857142856656,3.3461569721796423,3.3458020473320857,5.627700000000004,5.935481927772344,3.026254389789756,3.1000999999999976,2.695276939605151
2025-08-25,2.6668488873427805,4.3365892857143535,3.0624235849090837,3.253969999999981,4.770833333333371,1.6529189087534633,1.6498232634588703,0.14549999999997,0.440549633691262,0.37633235982798396,0.9892999999999574,0.214730126044401
2025-08-26,0.7458058676063501,2.403758333333144,1.1670137030611158,2.691699999999969,1.069444444444457,0.2987831998264028,0.30295763829201405,1.855199999999968,2.1634495949897428,0.008655612236566412,0.3744000000000369,0.8501711576357138
2025-08-27,1.3152294681227659,0.7653142857146804,1.5703028412883668,1.7457000000000562,0.5375000000000227,0.961341210579576,0.9601678306696613,1.2070300000000316,1.3881893983864302,1.1998330581368464,1.1744400000000041,0.011885685371339605
2025-08-28,0.29619813801230066,1.4237273809525277,0.06052175529805481,1.7457000000000562,2.2421875,0.15837343712769325,0.15995662442151115,2.1506299999999783,2.385787992848691,0.6913332351804229,0.376700000000028,0.3011104896276038
2025-08-29,1.3744959769421712,1.3149309523806778,2.569070765085712,0.3082000000000562,3.6796875,1.5425024885009861,1.5432016246199964,3.823099999999954,4.021139594734336,0.9981570952647871,1.060799999999972,1.9047954612565263
2025-08-30,0.9739411982283173,0.22390476190480513,0.6701383258362057,1.7542999999999438,0.35416666666662877,1.542171800395863,1.5433255159166492,3.5873000000000275,3.7908975883776748,1.924882609570318,1.7145000000000437,3.1249645696753987
2025-08-31,1.5925444370682271,1.4548249999998006,1.5955373123996424,2.602200000000039,1.6124999999999545,2.4413189757459577,2.441585616300131,4.3174999999999955,4.523394676563726,3.4703783249409526,3.275449999999978,5.39777635717553
2025-09-01,3.423570455348795,2.551458333333244,2.5722281919466923,3.210270000000037,1.4895833333333712,4.673207411219892,4.674174797468936,6.292360000000031,6.477410023160473,6.457119794133291,6.244599999999991,9.72075616113068
2025-09-02,2.069185931203947,1.036416666666696,1.331354840289464,1.4754599999999982,1.6875,4.108655198764836,4.110607122286638,5.233759999999961,5.365635711697109,7.410256803264929,7.2666000000000395,12.086453349190151
2025-09-03,0.06978286749983909,0.5586250000000064,0.46043952777540653,0.34343999999998687,0.10000000000002274,2.5337916007536023,2.5334854350090836,3.372250000000008,3.381083558917908,6.591407035802035,7.1539000000000215,11.81323135206651
2025-09-04,1.8324967541777823,3.099749999999972,3.4609378219348628,2.519170000000031,1.2291666666666288,0.5653741289804657,0.5639552127138359,1.377140000000054,1.0756407564649635,4.172498890582233,5.438840000000027,9.458940122970716
2025-09-05,2.6926529225473814,2.164625000000001,4.580692334705645,3.1767599999999447,3.4375,0.8054372625548467,0.8079932642999665,0.23019999999996799,0.3968770392157239,1.4512705756833384,3.3448499999999513,6.3781546739662645
2025-09-06,3.1867029701481897,0.8357666666665864,1.318529697379745,1.742399999999975,0.9921875,1.9764983890955818,1.9789263878465135,0.6140000000000327,1.5151896726840732,1.375749287154349,0.9469000000000278,2.9196275107223073
2025-09-07,2.511322944886956,2.7203619047617167,2.649357445330679,2.06880000000001,1.6420454545454959,2.0475535521729853,2.049951990390582,0.2962599999999611,1.3713263110109892,3.0919311360169104,0.3712000000000444,0.4452074033978306
2025-09-08,4.056238403067141,3.027400000000057,2.614258924580213,4.896359999999959,2.7857142857143344,4.12102146055463,4.122260347959127,2.0814000000000306,3.22820055503621,6.27514314058692,3.4478000000000293,3.4236963913223235
2025-09-09,1.545688150933188,0.430229220779097,0.15781721158498385,0.7137000000000171,0.5,2.4650585300388457,2.4677422770137127,0.07732999999996082,1.0379493328947547,6.165668582633657,2.92804000000001,4.190217064151398
2025-09-10,1.1548340591000397,1.9130250000000615,1.5109973509607926,0.1501500000000533,1.9375,0.05559962486393033,0.05642823452592438,2.732240000000047,1.6795921793017214,3.9482659547288677,1.2961400000000367,2.543774848612543
2025-09-11,0.6230793936317696,0.28451666666671827,0.5549483674574276,0.10249999999996362,0.27678571428566556,1.2776495609221001,1.2757754873659906,1.1882000000000517,0.3055681658878484,4.013793637054846,2.1263000000000147,2.486103820564381
2025-09-12,1.0637755945475647,0.8553333333333057,0.24182308973411182,0.9627699999999777,0.015625,1.7261089593202996,1.7265917580801897,0.7853000000000065,0.0771908824158345,4.0703660812311,2.402339999999981,2.5789830754475815
2025-09-13,0.9011407506002342,0.34911666666664587,0.07742079593265316,1.375850000000014,1.0750000000000455,1.6568248999222988,1.6566705831967283,0.9384999999999764,0.3091326951251858,4.0430525558457475,2.783260000000041,2.7769085029401595
2025-09-14,2.8535244758638783,2.6200416666667934,3.1447485731392817,1.9048999999999978,3.5546875,2.0499730430450427,2.050082617615203,4.709169999999972,4.187905433795322,0.23270723974314933,0.6201999999999543,0.8962218259561041
2025-09-15,2.8244491590605776,1.8552083333332803,4.349301274535151,2.27800000000002,2.3402777777778283,2.838584603362733,2.8420774895544128,5.0448599999999715,4.6074414503713115,2.3446368435106706,2.3333000000000084,3.969426088054888
2025-09-16,2.2888372010210105,1.5362083333332066,2.316541853744525,1.8497999999999593,2.8928571428571104,3.0382570325290317,3.039606509612213,4.837200000000053,4.536015751213654,4.344947311792566,4.224500000000035,6.731757030666245
2025-09-17,0.0027003246483445764,1.3408749999999827,1.1624091791160254,0.96875,0.36458333333337123,1.3171645051590986,1.3183703813513148,2.774540000000002,2.46681429681405,3.746834535342032,3.719060000000013,6.711797807978769
2025-09-18,0.9474016936659382,1.7373166666666293,1.6788768502801759,1.1649999999999636,3.8671875,0.36053153511238634,0.3593267378730616,1.7970599999999877,1.4201409232179003,2.7019824904233474,3.2514999999999645,5.873828341999115
2025-09-19,1.1409468756257866,1.3424499999999853,1.6067624959204068,1.183400000000006,1.118055555555543,0.05316714280343149,0.05416737657083104,1.4722000000000435,0.9165044713088264,1.5763037486940448,2.525099999999952,4.622920612586427
2025-09-20,0.6452438583601179,0.3878750000000082,2.036166352501027,1.3152999999999793,2.21875,1.4804196812036707,1.4793322642581188,3.1208500000000186,2.457361982822704,2.4181785456210037,3.6839599999999564,5.285105469333985
2025-09-21,0.6062650949753561,0.4218738095237313,0.5642758277374469,0.24816999999995915,0.0625,1.6244461125490943,1.6251686914082484,3.1323999999999614,2.312278690812377,2.7574579812445563,3.8805999999999585,5.700995142302872
2025-09-22,2.696007655358926,3.5795833333332894,3.302633333896324,2.070100000000025,4.8046875,3.8612499333278265,3.8610143963474,5.26085999999998,4.36154453788447,5.286429166976291,6.4465000000000146,8.411364623233794
2025-09-23,4.11418211564569,6.542416666666668,5.036719463227314,3.4844399999999496,6.2265625,2.316388440806918,2.314490241297676,1.3161000000000058,2.35557512896321,0.21211401542666408,0.7243700000000217,3.793450420722479
2025-09-24,3.49399760445192,5.558372619047532,4.229512370756879,2.3438999999999623,4.399999999999977,2.746087490050627,2.751612612320514,1.1848999999999705,2.2893018762099473,2.169627827820932,0.3464400000000296,0.9055027399267601
2025-09-25,0.8496385871760594,2.0787273809521594,0.4214786126160561,0.8606999999999516,1.7999999999999545,0.8668799030747323,0.8678922831574027,1.096900000000005,0.25687821635074215,2.3179904469917574,0.34780000000000655,0.1892874556759807
2025-09-26,0.2894485841845835,0.7469928571428,0.8546617669568377,2.1508999999999787,2.0625,0.16023786522828232,0.16023397439073506,2.1929300000000467,0.8477765443485623,1.4671737432000782,0.4002699999999777,0.38789739406922763
2025-09-27,3.0921309152183767,3.468499999999949,4.467892665504792,4.963399999999979,3.8999999999999773,3.122298421678579,3.122962631865107,5.074460000000045,3.7328073219512135,1.946908179353045,3.5431499999999687,3.7886125527696777
2025-09-28,0.06938029698926584,0.7474321428571784,1.4996082817146998,1.0301500000000487,1.2749999999999773,0.9047430701565418,0.9074764259402173,2.399599999999964,1.0818211139993537,1.4405630077084197,2.177729999999997,3.793071791217244
2025-09-29,1.0492401921084138,0.9090083333333041,1.8932500053164176,0.2998999999999796,0.20833333333337123,1.890464577551029,1.8890212634438512,3.369699999999966,2.0800802523531274,2.7087735340788868,3.686460000000011,5.259226502732531
2025-09-30,0.5310457373691406,0.4101500000000442,0.585489489540123,0.3885999999999967,0.08333333333337123,1.643100103030406,1.6442840843682234,2.9389999999999645,1.4759591055268402,2.790177339411912,3.2589000000000397,5.430358224464385
2025-10-01,1.0098313208651462,1.64812500000005,2.2442818760119962,3.0884999999999536,0.21428571428566556,0.20120886429481288,0.20060321808387016,1.4112499999999955,0.1123240175392084,1.6095594486217806,2.053800000000024,4.423320219380344
2025-10-02,1.044306114628057,3.109466666666549,2.2277184404084664,3.250599999999963,3.8624999999999545,0.09871087395140421,0.10000685561192313,1.2247999999999593,0.45498608087143566,0.6805651373459796,1.3192000000000235,3.2960774090059886
2025-10-03,1.7595157205024634,1.75023809523816,2.1593815446581175,0.0036000000000058208,2.9196428571428896,1.0627759005261623,1.0636181942176108,0.37199999999995725,1.433515432189779,0.907960613158366,0.1753999999999678,1.4321858822189597
2025-10-04,2.2193040607415924,2.0041873015871943,1.1954615916650937,1.1927500000000464,3.8999999999999773,1.9296668286110616,1.931149531162987,0.2835700000000543,2.161366448224271,2.6017867906637093,1.6128999999999678,0.6452406403915347
2025-10-05,1.5508177054806538,2.1749785714285963,1.6908086534137965,3.2552500000000464,1.8482142857143344,1.7381933855505167,1.739504169301199,0.17303000000003976,1.7659535947794893,3.3844913919100463,2.1807999999999765,1.947424272433068
2025-10-06,1.7978517662852482,0.015208333333362134,0.33764321445630685,3.852229999999963,1.3303571428571104,2.2623405609004976,2.2627642696846806,0.18206999999995332,2.1000445375551635,4.426946056755014,3.196199999999976,3.4041090479690865
2025-10-07,3.3711545328991406,3.0936666666666497,3.400379973580698,3.4255000000000564,3.3500000000000227,4.155036415504014,4.1558298194440795,1.869199999999978,3.6900026468007354,6.7919359364898355,5.356999999999971,6.162072117116054
2025-10-08,0.6847854804511826,0.6644999999999754,0.5964306059285036,0.727800000000002,0.25,0.7566780510161379,0.7584451124780571,1.9414699999999812,0.2664191080885985,4.525336845979609,2.5172999999999774,4.5587686199477275
2025-10-09,0.44984831033423234,0.052425000000084765,0.42963559423628794,0.3211700000000519,1.140625,0.6169767507186634,0.6142194939935735,1.9192000000000462,0.378642640336011,3.595135054880302,2.272770000000037,3.692959138291826
2025-10-10,0.5698927932418201,0.15133333333335486,0.5325166640776615,0.03015000000004875,1.0375000000000227,1.3845163481532836,1.3841518680304716,1.0602999999999838,0.22144604298352988,3.388688158367927,2.1567400000000134,3.246133292181412
2025-10-11,1.359564700281453,0.0048240620491242225,0.4287028505921171,0.0713500000000522,0.22916666666662877,2.159214941237451,2.158917627461392,0.31500000000005457,0.8283643656222921,3.9699351765275424,2.86554000000001,3.859674663453802
2025-10-12,1.24771978180911,1.950041666666607,0.9787553352424538,0.5897999999999683,2.5625,0.28181557943310054,0.2814462756049352,2.891200000000026,1.8968728784475388,1.7107409144381336,0.6711400000000367,1.7437934536712874
2025-10-13,1.3551110379909233,2.0113249999999425,1.3630145812211367,1.6101999999999634,2.6607142857143344,0.8518904650331933,0.8542536396671494,3.2291000000000167,2.3493431770496045,0.16511187228138624,0.21230000000002747,0.05313093431982452
2025-10-14,1.4545356786024968,0.7104634920633544,0.7049616147035067,0.77800000000002,0.125,1.5223411422568915,1.5214080391567677,0.6362000000000307,0.09786378325668466,1.4182669299660802,1.2513000000000147,0.7189931576125446
2025-10-15,2.873127199136661,2.262942857142775,2.085655987840255,1.2331000000000358,1.046875,3.1833498246776344,3.1846264176876957,0.8659699999999475,1.5009747571499474,3.4961227102510293,3.1029700000000275,2.8340485625195697
2025-10-16,1.8793983192183532,2.9837404761904054,0.8554753217372308,2.250850000000014,3.6875,2.7262143992899155,2.7275979906901284,0.07910000000003947,0.6910669584309517,4.2136014640144595,3.7749000000000024,3.971503601511813
2025-10-17,3.9159627855684676,4.042941666666707,2.9640831297866725,4.336099999999988,4.0750000000000455,5.020774601999733,5.0207958466749005,2.1902999999999793,2.6944086768497755,7.068116819546958,7.0014999999999645,7.112539444109984
2025-10-18,0.3019116397210837,1.0411666666666406,0.10092272379984024,2.359860000000026,0.5874999999999773,1.499649555574706,1.5018317485615853,1.7987699999999904,1.4310829287650222,4.817429377519375,4.788450000000012,5.391558842579002
2025-10-19,2.232896351262184,3.115216666666697,3.755865808863291,0.9940000000000282,1.5520833333333712,0.7599634073259267,0.7630325096540673,3.914549999999963,3.696535763587576,1.8997728795264948,2.868000000000052,2.459262622015217
2025-10-20,0.28551582575835255,0.2779499999999189,0.8521130980503813,0.9234000000000151,0.3125,0.46684646224923654,0.46459460311268685,2.328999999999951,2.3457010399198452,1.2482827959228189,2.7725000000000364,2.5321816725050894
2025-10-21,0.7633271148304175,1.6275000000000546,1.458025637005676,1.9306000000000267,2.6875,0.24005468008510888,0.2403457583710633,2.9471399999999903,3.0781294100289642,0.13027322140339948,1.3945999999999685,2.3305796487208
2025-10-22,3.081973403889151,2.555699999999888,2.2901135350100503,2.667850000000044,1.8374999999999773,3.2879651029868455,3.286588974978031,0.75,0.4890409536246807,2.762943492496106,4.509800000000041,5.832869184525748
2025-10-23,1.0684978940164456,1.4518333333332976,0.9793309234761409,1.4917599999999993,0.8999999999999773,1.8285741217840723,1.831336519096567,1.0826399999999694,1.4383402625139752,2.4065155207322277,3.360400000000027,5.845333834486496
2025-10-24,0.26965871702827826,1.7203583333332517,0.5337033675446037,1.191599999999994,1.7000000000000455,1.0964197684353394,1.0951177816906466,1.8614000000000033,2.1970764056759435,2.032851006363785,3.194150000000036,5.516363033188895
2025-10-25,0.6713623412705374,0.10805000000004839,1.6140528151809121,1.5447000000000344,1.1875,1.380831339302972,1.3805437409400838,1.5503499999999804,1.9612595177163712,1.9333642213513258,3.008100000000013,5.0583489659844645
2025-10-26,0.5179098671761722,1.147450000000049,1.614707307458957,0.22550000000001091,2.875,0.1718005365769386,0.17152483729694268,2.7795399999999972,3.1954482795415515,0.6535326527457528,1.623960000000011,3.5472881787856068
2025-10-27,2.919066221813523,2.1789880952381964,2.825000000000159,1.410600000000045,3.125,3.3364625954291114,3.3351503763517485,0.5281400000000076,0.03900949438798307,3.21957410676157,4.355959999999982,5.709949636206488
2025-10-28,4.714487373087309,3.190144452766617,4.423342320302368,5.910799999999995,5.295454545454504,5.609519534825722,5.611945679894006,2.4576399999999694,1.8797690541767906,6.449342907917639,6.762200000000007,8.974543016760322
2025-10-29,1.8913603823392577,0.06490833333327828,0.30678260874890384,2.1358599999999797,0.08035714285711038,0.18056926849499177,0.178638375039327,3.7881999999999607,4.34040668158184,2.564490427434521,2.171199999999999,5.610818910176931
2025-10-30,0.5625022325186819,1.1050500000000056,0.26875166544459717,2.1698000000000093,1.09375,1.643773996644768,1.6393321993779182,1.66700000000003,2.1917875198466845,2.9699817724335844,3.539549999999963,5.8205893605884285
2025-10-31,2.194290209457563,2.1537825396824246,1.5412897747888792,2.31269999999995,2.921875,3.1805574744169007,3.1817043070902855,0.16405999999994947,0.8593224959048484,3.909138500533345,3.9763000000000375,6.697311752321298
2025-11-01,0.7540666676638921,1.1994999999999436,0.8364685947275348,0.3768999999999778,1.8624999999999545,0.5034467605298687,0.5036482005948528,3.0442500000000337,3.7303735331357757,1.8883985549077806,1.7327000000000226,4.920425662179582
2025-11-02,0.13644915007216696,0.8373749999999518,0.8974176466465451,2.043459999999982,0.6944444444444571,1.049612063992413,1.0473736018113868,2.29830000000004,2.940212269525091,1.5778539969940084,1.8423500000000104,4.538636575305986
2025-11-03,3.060457263619355,2.869855952380931,2.317145427003993,2.984100000000012,3.1875,3.824085832038918,3.824084671375658,0.5174600000000282,0.21174870331856255,3.8457684554873595,3.9804000000000315,6.691893561976826
2025-11-04,1.199874202824617,2.839069047618864,1.7189550212965514,0.49090000000001055,1.9874999999999545,0.011481343883815498,0.013227970603566064,3.636660000000006,4.258115189531509,1.096165707340333,0.8132299999999759,4.190515022115392
2025-11-05,0.3081728772982615,2.4642499999999927,1.0666440462989613,1.7870000000000346,0.6805555555555429,1.1252818456716795,1.1220296338914295,2.246499999999969,2.86007687941742,1.3068636343567732,1.801900000000046,4.2989605475660255
2025-11-06,1.9620012838078082,0.9871559523804763,1.6233421977533453,3.5943600000000515,1.2374999999999545,2.670716180733052,2.6714898700515732,0.7005000000000337,1.4101777097772583,2.403413325710517,2.7344000000000506,5.243357384971318
2025-11-07,0.5928519630263054,0.6700749999999971,0.7458059014153378,0.1733000000000402,1.0625,0.3640869577744752,0.36464269248256187,3.1952499999999873,3.800479776549082,0.7742036588961128,1.1498400000000402,3.738578320853435
2025-11-08,0.1129255535960283,0.8086250000000064,0.38555724107095557,0.7646499999999605,1.859375,0.597819773359447,0.5959666975877553,2.7930000000000064,3.3852958085805085,0.4045680655448223,1.302000000000021,3.2492388293317163
2025-11-09,1.9743842388581925,1.3303202380951689,1.7750055528874782,2.0589599999999564,0.5546875,2.5308946296776185,2.5308614404368655,0.7956500000000233,1.3433796555037816,1.879784905312249,2.8468599999999924,4.54186297023432
2025-11-10,0.8592558475827445,0.13688333333323044,0.3477000798945937,0.6779999999999973,0.008928571428555188,1.6741949598167594,1.6753786642942714,1.8623700000000554,2.366758863795326,1.7270791325590835,2.657169999999951,4.4676159594963565
